Mutation Type;V1;V2;V3;V4;V5;V6;V7;V8;V9;V10;V11;V12;V13;V14;V15;V16;V17;V18;V19;V20;V21;V22;V23;V24;V25;V26;V27;V28;V29;V30;V31;V32;V33;V34;V35;V36;V37;V38;V39;V40;V41;V42;V43;V44;V45;V46;V47;V48;V49;V50;V51;V52;V53;V54;V55;V56;V57;V58;V59;V60;V61;V62;V63;V64;V65;V66;V67;V68;V69;V70;V71;V72;V73;V74;V75;V76;V77;V78
C>A:ACA;0.000207;0.078334;0.000738;0.003474;0.006686;0.033152;0.000172;0.006138;0.00024;0.00036;0.001846;0.01407;0.083162;0.002383;0.003329;0.034252;0.000572;0.00645;0.001983;0.047579;0.002634;0.004555;0.007547;0.003129;0.017109;0.171722;0.001086;0.00406;0.004235;0.175012;0.009923;0.025698;0.014949;0.013792;0.132767;0.006182;0.001756;0.000046;0.023935;0.004482;0.018598;0.055883;0.025366;0.010822;0.000808;0.006445;0.091015;0.000215;0.006075;0.0132;0.018488;0.005235;0.002446;0.036073;0.028148;0.003068;0.007508;0.008909;0.002088;0.003071;0.010672;0.002434;0.001117;0.02612;0.00932;0.008797;0.029427;0.00111;0.007539;0.002216;0.011931;0.00432;0.013564;0.023929;0.013617;0.019578;0.083838;0.085434
C>A:ACC;0.002638;0.028914;0.00296;0.015392;0.009568;0.025602;0.003658;0.002135;0.024335;0.000271;0.002429;0.018474;0.005746;0.016923;0.008336;0.009905;0.002978;0.001475;0.004135;0.011735;0.017659;0.000117;0.021917;0.016921;0.217922;0.006253;0.000552;0.018599;0.073864;0.033435;0.004627;0.004017;0.010047;0.005481;0.018383;0.003434;0.019291;0.002037;0.005703;0.003202;0.003874;0.003391;0.016179;0.010416;0.004183;0.010806;0.002676;0.003489;0.03511;0.02415;0.003002;0.017451;0.002633;0.005152;0.00488;0.022673;0.024228;0.013493;0.032293;0.025709;0.015539;0.010961;0.060605;0.004313;0.016391;0.013652;0.001973;0.012288;0.007176;0.015902;0.004003;0.003607;0.015908;0.037359;0.017335;0.004781;0.001422;0.004391
C>A:ACG;0.000313;0.000084;0.000317;0.000787;0.0004;0.002762;0.000252;0.000095;0.000558;0.006004;0.001773;0.002131;0.004056;0.002191;0.004851;0.001412;0.000552;0.00415;0.001294;0.000472;0.002806;0.000956;0.000913;0.007712;0.005024;0.004288;0.017508;0.001549;0.008424;0.000073;0.002766;0.002241;0.001677;0.009083;0.000584;0.001605;0.00501;0.011929;0.002904;0.012829;0.000816;0.001916;0.001714;0.006989;0.007416;0.002006;0.000542;0.000352;0.007284;0.000629;0.00624;0.006966;0.002692;0.002962;0.027264;0.001843;0.000397;0.00168;0.001872;0.000116;0.018724;0.007468;0.00978;0.00325;0.003533;0.000484;0.001412;0.001023;0.015153;0.00174;0.004854;0.002225;0.000982;0.006684;0.047025;0.000405;0.008028;0.012657
C>A:ACT;0.00372;0.035471;0.005118;0.0155;0.00692;0.019636;0.009024;0.001927;0.005581;0.000191;0.000226;0.010938;0.019081;0.005305;0.008632;0.000472;0.004274;0.008142;0.00571;0.001989;0.008862;0.021461;0.0112;0.006483;0.001716;0.014633;0.004393;0.00066;0.008329;0.00753;0.002065;0.042542;0.006054;0.001013;0.182918;0.00961;0.011544;0.035276;0.002287;0.003526;0.001492;0.019164;0.012668;0.007753;0.184363;0.026747;0.018614;0.0106;0.003981;0.031318;0.00754;0.000983;0.030304;0.013328;0.003245;0.007041;0.001638;0.014998;0.000853;0.013356;0.010241;0.010462;0.121265;0.018748;0.000208;0.002232;0.005582;0.02789;0.00317;0.0021;0.020402;0.004192;0.006208;0.002942;0.011539;0.000697;0.010528;0.04194
C>A:CCA;0.007773;0.047905;0.007456;0.002503;0.005015;0.036202;0.001572;0.001505;0.003226;0.027847;0.004196;0.029049;0.000412;0.019262;0.010062;0.003989;0.007495;0.002538;0.022467;0.002331;0.139947;0.005664;0.033942;0.001166;0.043606;0.034489;0.010852;0.010565;0.005825;0.065396;0.020982;0.000176;0.00157;0.002826;0.006643;0.03435;0.005355;0.00455;0.002359;0.00002;0.012655;0.002718;0.008637;0.005706;0.003242;0.000132;0.082987;0.007151;0.011078;0.024258;0.014148;0.007979;0.000449;0.002632;0.008559;0.00347;0.003159;0.002335;0.00143;0.001323;0.006022;0.009193;0.002709;0.002681;0.022076;0.002829;0.0301;0.004225;0.014651;0.00129;0.020894;0.012255;0.011709;0.005042;0.001634;0.010688;0.016777;0.081388
C>A:CCC;0.008718;0.02373;0.002541;0.008326;0.017847;0.009731;0.00063;0.002179;0.000681;0.001582;0.004381;0.012096;0.002148;0.003646;0.003583;0.009665;0.006115;0.002997;0.013764;0.003201;0.211591;0.028978;0.000278;0.000532;0.008385;0.001012;0.019905;0.004847;0.009774;0.005945;0.035382;0.011825;0.05657;0.143755;0.000308;0.02881;0.024433;0.028594;0.015024;0.002961;0.000733;0.010278;0.047074;0.097753;0.02135;0.004782;0.026319;0.04002;0.001793;0.030648;0.001379;0.000186;0.015996;0.004387;0.045403;0.003442;0.001274;0.022862;0.005215;0.0013;0.007526;0.001651;0.002874;0.002467;0.01789;0.001443;0.001071;0.008084;0.005741;0.024274;0.003409;0.007513;0.030872;0.009861;0.00254;0.035741;0.0006;0.004127
C>A:CCG;0.000652;0.000459;0.000463;0.00037;0.000989;0.002212;0.000568;0.000623;0.000203;0.006285;0.000241;0.002395;0.000924;0.002373;0.004425;0.001335;0.000401;0.001733;0.000665;0.001122;0.002668;0.000477;0.005952;0.000525;0.005054;0.001099;0.008217;0.010566;0.000968;0.004164;0.009221;0.001662;0.004031;0.001519;0.000859;0.008501;0.011334;0.018738;0.000333;0.006564;0.000533;0.001852;0.000907;0.005278;0.004332;0.008929;0.000919;0.002312;0.001483;0.000879;0.007054;0.004558;0.007205;0.001815;0.000067;0.006894;0.009979;0.002505;0.009461;0.003072;0.003923;0.00525;0.001133;0.000462;0.009938;0.003915;0.020804;0.003914;0.000685;0.000522;0.005165;0.002335;0.002053;0.015437;0.021198;0.013831;0.001596;0.001609
C>A:CCT;0.006523;0.032456;0.005952;0.006209;0.012419;0.026372;0.000393;0.000749;0.000637;0.01359;0.001167;0.014971;0.005505;0.000473;0.01132;0.003772;0.011695;0.010361;0.026603;0.003281;0.139734;0.003241;0.016836;0.018167;0.068276;0.007798;0.001575;0.00413;0.013196;0.001282;0.013504;0.026333;0.008895;0.001954;0.002667;0.003833;0.014433;0.010085;0.000876;0.002359;0.005303;0.003579;0.021679;0.009922;0.076477;0.024192;0.027263;0.008873;0.004463;0.003209;0.041668;0.015281;0.144347;0.016898;0.03374;0.045052;0.011293;0.000317;0.008958;0.024731;0.003431;0.022964;0.012084;0.009464;0.004692;0.002106;0.004678;0.004136;0.001074;0.004332;0.010504;0.011728;0.005167;0.005663;0.014786;0.000125;0.003343;0.013281
C>A:GCA;0.003063;0.025832;0.000577;0.010807;0.004032;0.023076;0.010217;0.000857;0.006198;0.000077;0.007073;0.012477;0.072205;0.003807;0.002313;0.017829;0.002863;0.028808;0.002405;0.006259;0.002348;0.014919;0.016637;0.004581;0.00105;0.00542;0.075246;0.008119;0.001909;0.004001;0.005144;0.005428;0.004742;0.001135;0.002944;0.041736;0.028079;0.010945;0.022886;0.002021;0.016113;0.000292;0.002727;0.061345;0.01464;0.002367;0.007793;0.005917;0.002692;0.010627;0.007791;0.017416;0.000168;0.034346;0.008319;0.003854;0.012365;0.008846;0.021364;0.005249;0.016396;0.000156;0.007725;0.001068;0.019781;0.04324;0.027363;0.000964;0.065019;0.004376;0.00062;0.001683;0.00426;0.002901;0.007198;0.000822;0.000345;0.002763
C>A:GCC;0.002162;0.005783;0.002126;0.018013;0.008099;0.00618;0.003218;0.003703;0.00012;0.002568;0.005431;0.008245;0.026015;0.007701;0.004245;0.005046;0.006516;0.039736;0.01591;0.00069;0.002621;0.007579;0.026074;0.011011;0.026718;0.012732;0.047807;0.014954;0.000362;0.001982;0.011114;0.009401;0.001717;0.00945;0.011083;0.001877;0.009562;0.004191;0.003324;0.008328;0.006817;0.0077;0.006106;0.010314;0.014026;0.001682;0.004666;0.01491;0.011184;0.006563;0.003664;0.007591;0.048447;0.011691;0.034614;0.010744;0.004632;0.012788;0.002425;0.021008;0.001355;0.007385;0.000513;0.015387;0.004937;0.01741;0.03014;0.086345;0.004401;0.03184;0.00839;0.002413;0.010218;0.003159;0.005461;0.013872;0.002112;0.001336
C>A:GCG;0.000545;0.000064;0.000046;0.000472;0.000919;0.00047;0.000015;0.000031;0.000801;0.002898;0.000218;0.000054;0.002542;0.001543;0.002025;0.00082;0.001357;0.001657;0.000151;0.012196;0.00058;0.007493;0.009113;0.004904;0.003513;0.004849;0.014894;0.004637;0.001313;0.004775;0.001243;0.000236;0.001291;0.000281;0.001117;0.002443;0.000237;0.011833;0.004074;0.003834;0.001825;0.002252;0.007657;0.000724;0.000224;0.002633;0.001551;0.001325;0.00267;0.003381;0.000689;0.004393;0.000203;0.002292;0.010913;0.002799;0.004938;0.00592;0.009191;0.004124;0.003028;0.0053;0.018549;0.002453;0.005403;0.004668;0.00068;0.000073;0.008233;0.000873;0.003016;0.00332;0.002753;0.009629;0.000755;0.004998;0.000773;0.0007
C>A:GCT;0.005202;0.016693;0.002748;0.034399;0.002523;0.008832;0.012369;0.002188;0.024446;0.000495;0.00235;0.000973;0.116865;0.01616;0.027574;0.004786;0.009319;0.019063;0.014636;0.002186;0.001222;0.000933;0.009787;0.001392;0.004351;0.003098;0.000522;0.00852;0.055076;0.003517;0.000205;0.047237;0.001476;0.006051;0.002855;0.00069;0.024998;0.016215;0.001111;0.006379;0.012106;0.031512;0.003857;0.015564;0.006773;0.002707;0.005423;0.005667;0.024191;0.031713;0.001947;0.021772;0.003386;0.003795;0.014437;0.003266;0.019951;0.010868;0.004975;0.007662;0.006111;0.000373;0.009441;0.003139;0.049471;0.01108;0.011027;0.004326;0.014616;0.01145;0.004968;0.001867;0.006541;0.000386;0.000665;0.009311;0.003611;0.001967
C>A:TCA;0.003497;0.042673;0.00099;0.007318;0.004234;0.011095;0.009991;0.000121;0.003261;0.000021;0.009118;0.014137;0.131248;0.00118;0.019715;0.004103;0.002017;0.00528;0.013016;0.023116;0.009031;0.047649;0.000094;0.058064;0.003615;0.003235;0.005781;0.004887;0.027232;0.003277;0.003879;0.00146;0.060508;0.034184;0.002497;0.000696;0.019382;0.003763;0.001467;0.012372;0.005593;0.003364;0.00882;0.005467;0.001515;0.007393;0.013417;0.012423;0.022475;0.003078;0.062358;0.06294;0.004072;0.004326;0.002773;0.004818;0.028719;0.002193;0.029815;0.029704;0.014462;0.000814;0.012283;0.034168;0.027438;0.012094;0.009916;0.002665;0.023345;0.010955;0.030328;0.01124;0.016723;0.005065;0.077203;0.003983;0.003262;0.015568
C>A:TCC;0.00286;0.031046;0.000615;0.006315;0.023158;0.017198;0.0006;0.002451;0.001898;0.002692;0.000661;0.011378;0.077682;0.036762;0.002438;0.012572;0.000507;0.00194;0.007348;0.005014;0.085689;0.050602;0.000757;0.051473;0.006879;0.001579;0.005617;0.021943;0.005927;0.008924;0.003557;0.014305;0.020847;0.000432;0.008716;0.003884;0.025012;0.004158;0.005568;0.004446;0.183533;0.017432;0.011337;0.00477;0.004292;0.007884;0.046405;0.028218;0.02124;0.02318;0.009096;0.012219;0.007312;0.001806;0.036866;0.002772;0.005986;0.026503;0.004303;0.006212;0.004421;0.010253;0.003344;0.003702;0.001047;0.034471;0.005677;0.043905;0.001424;0.047059;0.002739;0.007467;0.007174;0.001234;0.044728;0.02861;0.000643;0.004106
C>A:TCG;0.000198;0.001958;0.000158;0.000446;0.000575;0.000758;0.000115;0.000192;0.001062;0.004705;0.000736;0.001078;0.000563;0.00103;0.001706;0.00067;0.002711;0.000499;0.004819;0.000554;0.001312;0.001775;0.00164;0.001126;0.006191;0.000511;0.001764;0.000584;0.001941;0.009807;0.002164;0.000152;0.001145;0.00203;0.001637;0.008599;0.000524;0.003324;0.008304;0.003679;0.005956;0.004329;0.00105;0.000228;0.000938;0.013925;0.000431;0.000749;0.005;0.002006;0.000338;0.011107;0.007847;0.00436;0.001327;0.004423;0.001206;0.004172;0.006873;0.005524;0.003022;0.003341;0.00103;0.003984;0.004481;0.010392;0.008606;0.005661;0.00291;0.002495;0.004767;0.001619;0.002953;0.005275;0.00031;0.009127;0.013035;0.004122
C>A:TCT;0.005048;0.057348;0.001158;0.015775;0.013983;0.018933;0.02444;0.004783;0.036189;0.002074;0.003342;0.000359;0.203466;0.012143;0.018082;0.005381;0.033211;0.000578;0.000205;0.003402;0.00323;0.009281;0.007341;0.056337;0.004301;0.001252;0.003118;0.003298;0.015207;0.025582;0.006522;0.143563;0.225839;0.008301;0.000293;0.03125;0.003163;0.010049;0.00412;0.005581;0.041851;0.003325;0.021239;0.009901;0.089841;0.013894;0.004369;0.025079;0.014405;0.004091;0.008755;0.021788;0.044723;0.053696;0.006416;0.029581;0.008677;0.009526;0.01432;0.002127;0.016253;0.008547;0.002164;0.003531;0.007611;0.035685;0.024239;0.002027;0.002802;0.00949;0.006514;0.007528;0.000615;0.000827;0.019501;0.040045;0.001415;0.029352
C>G:ACA;0.000717;0.007574;0.001532;0.003589;0.007284;0.00142;0.000291;0.002363;0.000481;0.002983;0.003716;0.009706;0.001704;0.008173;0.008569;0.017366;0.002368;0.005555;0.019624;0.003158;0.000597;0.052134;0.006055;0.001471;0.001102;0.000735;0.003902;0.006052;0.013077;0.091192;0.004113;0.043805;0.000957;0.000619;0.009331;0.003078;0.003006;0.003415;0.000182;0.007172;0.001102;0.021936;0.046021;0.004769;0.000503;0.002017;0.029981;0.116321;0.002546;0.006647;0.008088;0.006328;0.01202;0.005591;0.003427;0.000283;0.03691;0.008534;0.008909;0.003233;0.03684;0.004966;0.049335;0.019913;0.014863;0.005132;0.010189;0.011298;0.004673;0.001905;0.00077;0.01047;0.010941;0.003594;0.017618;0.002445;0.002116;0.004397
C>G:ACC;0.000521;0.001056;0.000485;0.002279;0.004262;0.002031;0.000388;0.001794;0.000078;0.003682;0.001585;0.007235;0.000298;0.014846;0.006843;0.010597;0.002839;0.004802;0.023015;0.005579;0.00031;0.00046;0.002059;0.008889;0.010257;0.003948;0.004504;0.001729;0.018812;0.00034;0.000644;0.008427;0.007398;0.006467;0.007574;0.000998;0.002839;0.010747;0.007515;0.009875;0.004623;0.027069;0.000761;0.015814;0.000628;0.007187;0.002558;0.003447;0.005936;0.008343;0.00163;0.009446;0.016037;0.011324;0.000866;0.004649;0.003606;0.011687;0.000422;0.005164;0.004386;0.001507;0.001345;0.004955;0.000819;0.056256;0.000899;0.003005;0.008019;0.005057;0.009695;0.015291;0.00152;0.003682;0.003859;0.002818;0.022003;0.003441
C>G:ACG;0.000302;0.000319;0.000082;0.000653;0.000053;0.000627;0.000049;0.000076;0.0005;0.000741;0.000091;0.000956;0.000741;0.00192;0.003825;0.002802;0.000847;0.001902;0.000915;0.000095;0.000453;0.000636;0.002604;0.004276;0.003662;0.000992;0.004786;0.000953;0.005803;0.001284;0.005862;0.001846;0.002546;0.003231;0.004414;0.004979;0.000167;0.004698;0.001875;0.004978;0.000632;0.002024;0.003142;0.001018;0.002284;0.001342;0.002499;0.002416;0.006189;0.005694;0.001413;0.002389;0.000432;0.002083;0.002269;0.002184;0.005243;0.00125;0.012974;0.002958;0.005065;0.005131;0.005141;0.000109;0.001952;0.004976;0.003563;0.003723;0.006353;0.004599;0.003037;0.00235;0.005223;0.001845;0.001287;0.002589;0.011849;0.000617
C>G:ACT;0.002005;0.005465;0.000625;0.002541;0.001562;0.000025;0.000984;0.002485;0.000362;0.004679;0.000106;0.024062;0.001173;0.048432;0.005133;0.002805;0.000844;0.00659;0.020398;0.005609;0.002378;0.007754;0.002037;0.008944;0.004306;0.011521;0.002086;0.006814;0.009636;0.000089;0.002523;0.003729;0.001408;0.003912;0.004872;0.002695;0.00438;0.045468;0.000766;0.010513;0.058634;0.015876;0.004899;0.013199;0.000525;0.001385;0.002644;0.004339;0.020962;0.024498;0.031599;0.004162;0.008016;0.011;0.009348;0.014237;0.007172;0.00065;0.004514;0.003906;0.011425;0.002377;0.013452;0.035699;0.008134;0.003537;0.001258;0.031812;0.006625;0.004341;0.007179;0.003575;0.003609;0.005262;0.007075;0.010209;0.010503;0.002848
C>G:CCA;0.002624;0.00144;0.005156;0.01598;0.002591;0.005021;0.000189;0.003253;0.000199;0.002096;0.000989;0.006703;0.013649;0.002503;0.028322;0.010448;0.001135;0.000508;0.012268;0.000091;0.000869;0.006857;0.00144;0.001068;0.013368;0.002818;0.017465;0.006629;0.006254;0.001574;0.031264;0.00049;0.002192;0.032244;0.000214;0.001024;0.004038;0.008068;0.02561;0.006121;0.00134;0.005265;0.009113;0.00425;0.005785;0.014587;0.012968;0.002486;0.00784;0.011554;0.007105;0.018867;0.021531;0.004295;0.004839;0.000477;0.01556;0.012737;0.005425;0.000195;0.000461;0.009112;0.008811;0.003065;0.002245;0.003379;0.001747;0.004445;0.027295;0.000805;0.009149;0.008033;0.001541;0.003013;0.000809;0.016989;0.019184;0.018756
C>G:CCC;0.002511;0.000734;0.002082;0.00738;0.010489;0.000563;0.000109;0.001584;0.000045;0.002624;0.000932;0.00285;0.001287;0.001671;0.01835;0.00707;0.004229;0.009032;0.018047;0.004561;0.000831;0.0161;0.003572;0.000332;0.000832;0.006349;0.004684;0.001481;0.000632;0.002942;0.000308;0.000339;0.004203;0.000211;0.000144;0.005574;0.022438;0.016705;0.002078;0.004896;0.004549;0.001562;0.003235;0.000833;0.009315;0.001659;0.002306;0.009228;0.01075;0.000188;0.001275;0.009169;0.00044;0.012854;0.000702;0.035132;0.001955;0.010297;0.020036;0.023114;0.00014;0.005379;0.008025;0.011212;0.005872;0.008761;0.002599;0.002707;0.000265;0.003591;0.005785;0.00635;0.001576;0.054275;0.004732;0.011982;0.003781;0.002804
C>G:CCG;0.000552;0.000304;0.000015;0.000281;0.001073;0.000481;0.000091;0.00003;0.000634;0.002234;0.00038;0.001319;0.000566;0.000441;0.008768;0.003634;0.00098;0.000765;0.000537;0.000534;0.000666;0.00523;0.000375;0.000264;0.002601;0.000417;0.002903;0.011489;0.000513;0.002882;0.010658;0.001275;0.002913;0.006234;0.000881;0.014951;0.002041;0.005177;0.010979;0.000314;0.002812;0.002391;0.000026;0.002262;0.008513;0.008224;0.001845;0.005494;0.004705;0.003675;0.001105;0.002342;0.001761;0.00573;0.003466;0.005432;0.012246;0.006733;0.000648;0.005712;0.001689;0.007011;0.001514;0.006889;0.000236;0.005669;0.00542;0.002582;0.004207;0.00462;0.007994;0.008552;0.001761;0.004879;0.006566;0.001182;0.002832;0.001911
C>G:CCT;0.001482;0.000312;0.003422;0.014956;0.003389;0.005578;0.000192;0.000329;0.000422;0.006597;0.000417;0.012761;0.00302;0.003503;0.047135;0.011214;0.000842;0.015522;0.022567;0.007758;0.003318;0.004107;0.007503;0.000665;0.013412;0.006628;0.00601;0.000234;0.031175;0.000073;0.000961;0.006091;0.011367;0.038298;0.007978;0.004742;0.00391;0.006155;0.000408;0.005677;0.010165;0.002553;0.001796;0.030159;0.008838;0.006451;0.00672;0.004246;0.002261;0.000451;0.002506;0.009906;0.000274;0.006215;0.010035;0.000472;0.001739;0.035838;0.011975;0.001374;0.002209;0.012099;0.006922;0.001187;0.004382;0.002848;0.000768;0.000897;0.006954;0.008634;0.001192;0.000042;0.04403;0.007949;0.000169;0.001097;0.006426;0.005163
C>G:GCA;0.000974;0.000878;0.00111;0.026291;0.001172;0.000196;0.000035;0.00413;0.000038;0.002149;0.000603;0.010988;0.001521;0.000904;0.004031;0.004437;0.000788;0.008072;0.008839;0.002141;0.001324;0.001369;0.005414;0.000077;0.001907;0.003185;0.000607;0.00938;0.001113;0.004501;0.004295;0.003028;0.000951;0.011348;0.003558;0.003666;0.002371;0.020292;0.00529;0.003547;0.000472;0.008344;0.002129;0.008231;0.004858;0.027735;0.000342;0.00333;0.006867;0.00502;0.001208;0.003473;0.009743;0.000734;0.016029;0.00452;0.003243;0.014324;0.002174;0.002912;0.000044;0.004902;0.000174;0.009727;0.010345;0.015377;0.002713;0.007184;0.000637;0.011101;0.002594;0.001142;0.0016;0.00781;0.000621;0.005773;0.001555;0.005899
C>G:GCC;0.000628;0.001914;0.001114;0.014087;0.000163;0.003147;0.000618;0.002856;0.00028;0.001805;0.001838;0.000514;0.000471;0.239899;0.004057;0.00159;0.001336;0.005024;0.024683;0.000973;0.00728;0.005538;0.020843;0.004565;0.004409;0.00796;0.000165;0.00074;0.00376;0.001891;0.002162;0.004058;0.00298;0.008396;0.005196;0.00899;0.003443;0.006581;0.008207;0.009666;0.004618;0.002084;0.000488;0.005817;0.000875;0.009648;0.001313;0.005262;0.009066;0.006595;0.000368;0.003265;0.027083;0.018416;0.014892;0.026748;0.015914;0.005938;0.003292;0.002222;0.04412;0.007629;0.010499;0.002626;0.007904;0.025333;0.002227;0.012102;0.000354;0.004181;0.000037;0.007745;0.005031;0.008961;0.013333;0.010152;0.027003;0.002444
C>G:GCG;0.000194;0.000087;0.000036;0.000954;0.00021;0.000577;0.000084;0.000241;0.000077;0.00042;0.000798;0.000502;0.000132;0.000145;0.000339;0.000023;0.000189;0.000606;0.001529;0.001143;0.001823;0.005344;0.001946;0.002023;0.000901;0.000902;0.000765;0.000548;0.004348;0.000618;0.000479;0.001317;0.004496;0.000601;0.000533;0.001812;0.002417;0.000031;0.001537;0.003236;0.002739;0.001221;0.007432;0.003692;0.001794;0.000471;0.000219;0.005323;0.004002;0.000968;0.000389;0.003522;0.00058;0.001077;0.00131;0.002155;0.003041;0.001196;0.002142;0.001911;0.006442;0.000989;0.002746;0.009277;0.000343;0.002597;0.005878;0.000646;0.007525;0.003338;0.002835;0.015338;0.002011;0.002892;0.008803;0.005312;0.000226;0.000391
C>G:GCT;0.000677;0.001275;0.001161;0.021779;0.000151;0.001577;0.000656;0.000161;0.000216;0.001148;0.001071;0.011152;0.004192;0.018864;0.001728;0.000454;0.000706;0.008549;0.029555;0.000593;0.008397;0.003418;0.004391;0.004904;0.002347;0.000457;0.00159;0.008393;0.001218;0.000923;0.004794;0.002576;0.002605;0.009197;0.003807;0.006441;0.00184;0.024785;0.022123;0.002798;0.002431;0.002568;0.000007;0.013205;0.0142;0.052879;0.008579;0.00177;0.026728;0.007888;0.000386;0.000346;0.00908;0.005327;0.005447;0.000107;0.003595;0.049649;0.000302;0.000624;0.016667;0.002045;0.002055;0.0044;0.021093;0.000036;0.005717;0.005497;0.00922;0.007794;0.003109;0.000905;0.006785;0.017563;0.003013;0.003044;0.032741;0.003229
C>G:TCA;0.003172;0.003811;0.003265;0.015224;0.006968;0.000205;0.000101;0.008074;0.000917;0.000959;0.001041;0.002749;0.004493;0.005876;0.036395;0.003294;0.002751;0.006993;0.037133;0.004053;0.000637;0.009722;0.0101;0.004121;0.002655;0.006393;0.00394;0.005585;0.010516;0.003706;0.000947;0.007452;0.005157;0.018775;0.000161;0.006557;0.009033;0.01861;0.002152;0.006493;0.01678;0.008322;0.003476;0.002215;0.00804;0.004844;0.001855;0.028439;0.017369;0.006036;0.010313;0.012643;0.01166;0.001576;0.009689;0.000958;0.005532;0.000538;0.003437;0.002524;0.002075;0.000061;0.011147;0.002155;0.004458;0.000568;0.01735;0.00472;0.003129;0.001845;0.001735;0.012998;0.009082;0.006142;0.004874;0.002775;0.000414;0.008213
C>G:TCC;0.001519;0.002386;0.001772;0.011203;0.007217;0.001145;0.000125;0.000325;0.000934;0.003253;0.001844;0.000893;0.000359;0.02106;0.037536;0.01276;0.001132;0.001156;0.024109;0.001919;0.006241;0.009336;0.017652;0.009668;0.003473;0.008852;0.001988;0.003518;0.003936;0.008323;0.002364;0.013136;0.001709;0.028022;0.008142;0.002667;0.012649;0.016295;0.005272;0.003151;0.000209;0.003193;0.005612;0.003247;0.002526;0.012;0.017588;0.001121;0.011317;0.009265;0.000784;0.002337;0.002947;0.013247;0.001722;0.004349;0.003354;0.001673;0.007902;0.001906;0.004892;0.003722;0.007762;0.007483;0.000801;0.004042;0.000991;0.004902;0.004676;0.026117;0.006162;0.003474;0.00288;0.013755;0.004521;0.002824;0.014927;0.000281
C>G:TCG;0.000368;0.000008;0.000161;0.000643;0.000623;0.000191;0.000007;0.000118;0.000101;0.000222;0.000707;0.000643;0.000141;0.004273;0.00451;0.000466;0.0011;0.001368;0.00536;0.001453;0.000271;0.000938;0.002612;0.000429;0.003029;0.00132;0.000542;0.000903;0.001206;0.000541;0.00213;0.001697;0.001812;0.00103;0.001947;0.000609;0.000286;0.004715;0.008903;0.002302;0.000338;0.001359;0.002357;0.000136;0.005472;0.002775;0.002313;0.009483;0.00027;0.001378;0.003628;0.000401;0.00219;0.001572;0.008316;0.003865;0.001623;0.011732;0.004514;0.003213;0.011866;0.003297;0.000395;0.007025;0.000035;0.000469;0.000611;0.002163;0.000163;0.00036;0.013875;0.000549;0.001822;0.006052;0.001579;0.000056;0.003322;0.000602
C>G:TCT;0.005246;0.010742;0.002064;0.010985;0.00646;0.004534;0.000147;0.001043;0.000414;0.004008;0.000465;0.016604;0.001186;0.067152;0.022904;0.003175;0.001952;0.001387;0.0303;0.001493;0.024767;0.064164;0.000633;0.016921;0.005109;0.001882;0.002448;0.00936;0.014154;0.007916;0.00509;0.005266;0.003003;0.002749;0.001793;0.001595;0.002142;0.001713;0.002892;0.012017;0.007585;0.009608;0.01527;0.02381;0.010558;0.02469;0.006275;0.010619;0.018474;0.070695;0.024118;0.029196;0.000974;0.010071;0.008227;0.003536;0.005938;0.038643;0.004031;0.009573;0.001887;0.00334;0.001309;0.005771;0.035808;0.028002;0.002013;0.013918;0.001181;0.005914;0.000514;0.007959;0.002563;0.004655;0.000616;0.012577;0.011609;0.001591
C>T:ACA;0.037188;0.047164;0.017608;0.016486;0.026089;0.002429;0.009313;0.00378;0.034281;0.00108;0.034738;0.000012;0.013812;0.005694;0.002606;0.035838;0.037666;0.000323;0.009574;0.066468;0.006526;0.015578;0.011284;0.036223;0.007647;0.000675;0.05089;0.175574;0.001895;0.014139;0.005999;0.018643;0.000455;0.000281;0.003715;0.026135;0.00175;0.001479;0.051949;0.019232;0.001353;0.017471;0.002831;0.009608;0.015165;0.002896;0.018662;0.01689;0.0432;0.00729;0.063835;0.020024;0.004803;0.006684;0.000246;0.003278;0.017625;0.005487;0.010298;0.145023;0.022759;0.03999;0.010393;0.000893;0.007689;0.033022;0.092758;0.028433;0.032846;0.017035;0.003788;0.003663;0.023141;0.044743;0.016107;0.04862;0.009515;0.011889
C>T:ACC;0.017489;0.027116;0.008364;0.033848;0.044834;0.00063;0.005093;0.000615;0.001305;0.000045;0.070333;0.002165;0.000778;0.00404;0.000893;0.018069;0.029083;0.024408;0.013482;0.056286;0.021377;0.000601;0.009243;0.014055;0.003936;0.012964;0.025438;0.01208;0.004609;0.018241;0.001923;0.031365;0.0045;0.002116;0.007632;0.005527;0.015183;0.01424;0.000637;0.000678;0.002243;0.013011;0.006053;0.01594;0.014768;0.031231;0.024885;0.002131;0.012192;0.005209;0.006527;0.000299;0.006514;0.004387;0.01462;0.009586;0.004932;0.002157;0.023087;0.011224;0.001318;0.003411;0.004844;0.002766;0.010271;0.004855;0.010143;0.017636;0.001648;0.00109;0.007662;0.030492;0.006825;0.006628;0.045325;0.0025;0.001657;0.004784
C>T:ACG;0.000088;0.000257;0.001127;0.000182;0.004843;0.006281;0.059926;0.001109;0.271226;0.035532;0.005499;0.002577;0.00073;0.00495;0.004602;0.000806;0.0124;0.021473;0.019584;0.036637;0.000993;0.008666;0.0472;0.009024;0.068198;0.002103;0.006163;0.030211;0.001865;0.002808;0.011429;0.001885;0.00244;0.065752;0.001095;0.013409;0.004333;0.03404;0.000853;0.224531;0.005686;0.170611;0.200583;0.050786;0.026898;0.008935;0.011519;0.079729;0.00569;0.039675;0.107929;0.002913;0.016813;0.015441;0.009509;0.003758;0.017255;0.006388;0.002674;0.002984;0.000456;0.102092;0.017739;0.003676;0.022101;0.008249;0.011516;0.010454;0.025962;0.010756;0.005596;0.026773;0.00486;0.005987;0.001386;0.008298;0.003708;0.016528
C>T:ACT;0.02887;0.04323;0.012197;0.023091;0.074828;0.003329;0.000204;0.002276;0.000766;0.002334;0.078877;0.004966;0.002255;0.000189;0.021834;0.033784;0.003644;0.066378;0.001682;0.055554;0.003377;0.002256;0.039062;0.007105;0.012033;0.002773;0.002186;0.000831;0.028305;0.009119;0.001644;0.002532;0.057581;0.001992;0.00009;0.013404;0.013853;0.005494;0.046914;0.006988;0.006341;0.00587;0.065104;0.003956;0.005131;0.021158;0.006803;0.00649;0.007726;0.003527;0.002354;0.000328;0.007415;0.070436;0.00735;0.063613;0.111845;0.007203;0.006908;0.003536;0.016217;0.002049;0.016747;0.004143;0.037877;0.04673;0.005988;0.003128;0.003532;0.022736;0.006325;0.014518;0.015018;0.014164;0.026238;0.000217;0.011101;0.005046
C>T:CCA;0.068683;0.029501;0.016552;0.002944;0.005375;0.002071;0.004384;0.000631;0.002541;0.005583;0.045557;0.00154;0.004942;0.002886;0.006356;0.010666;0.01939;0.00543;0.042174;0.011939;0.001332;0.010507;0.056613;0.021935;0.011163;0.017004;0.013003;0.16906;0.004484;0.009525;0.002883;0.003821;0.006645;0.014281;0.084081;0.000643;0.001378;0.002827;0.03984;0.084868;0.039151;0.01396;0.003143;0.001263;0.000855;0.01038;0.000145;0.03529;0.003986;0.003173;0.00002;0.001653;0.014716;0.000223;0.002063;0.001569;0.0318;0.031774;0.000913;0.008085;0.003313;0.021787;0.001936;0.013593;0.026498;0.021296;0.004659;0.006865;0.005254;0.011529;0.092894;0.014355;0.014598;0.021826;0.0059;0.049338;0.002302;0.020103
C>T:CCC;0.027154;0.031322;0.00367;0.015552;0.040623;0.00719;0.000764;0.001299;0.001533;0.000323;0.137484;0.004011;0.025613;0.009176;0.010418;0.001571;0.012368;0.015087;0.021623;0.016221;0.007456;0.010044;0.00352;0.040021;0.001527;0.000278;0.026884;0.006749;0.004699;0.000759;0.004678;0.052134;0.029422;0.016142;0.037281;0.011496;0.019888;0.004561;0.012455;0.000488;0.003731;0.001115;0.003152;0.038683;0.004144;0.010489;0.000236;0.084006;0.009448;0.001733;0.002693;0.004388;0.014068;0.021893;0.006412;0.03355;0.057516;0.002053;0.001176;0.011484;0.023684;0.002827;0.002156;0.004505;0.008322;0.003195;0.005696;0.005652;0.007813;0.002583;0.003591;0.002291;0.018061;0.004217;0.004297;0.005316;0.00714;0.01491
C>T:CCG;0.003897;0.002135;0.00066;0.002567;0.001861;0.001633;0.032438;0.000696;0.120136;0.015798;0.013924;0.003943;0.003481;0.005456;0.000864;0.000985;0.000376;0.001085;0.003199;0.0045;0.006069;0.0088;0.002082;0.013382;0.011527;0.013881;0.005919;0.005022;0.017536;0.009202;0.039253;0.000247;0.009542;0.015595;0.006413;0.000877;0.00151;0.004768;0.144947;0.011571;0.00137;0.058776;0.008624;0.000671;0.014922;0.014382;0.001971;0.001581;0.011677;0.02208;0.012549;0.014379;0.005368;0.000181;0.02962;0.051256;0.007024;0.022225;0.001531;0.007329;0.001797;0.003907;0.015185;0.01084;0.002708;0.001871;0.077196;0.032523;0.002077;0.007453;0.052611;0.03395;0.023705;0.034436;0.015533;0.027685;0.00121;0.017858
C>T:CCT;0.083921;0.034752;0.011486;0.012688;0.044445;0.008107;0.000566;0.004184;0.001105;0.001296;0.073778;0.003106;0.005675;0.002658;0.003689;0.017504;0.001365;0.036444;0.007213;0.000849;0.00222;0.000463;0.006436;0.045531;0.00398;0.000998;0.012375;0.004753;0.071951;0.015213;0.020259;0.007043;0.00988;0.004117;0.00713;0.005552;0.005943;0.007756;0.003757;0.005993;0.005429;0.000077;0.002421;0.018085;0.050596;0.005208;0.00791;0.00543;0.001994;0.002685;0.007065;0.015145;0.070009;0.010378;0.022985;0.002862;0.004154;0.012314;0.065695;0.010426;0.015197;0.004579;0.039615;0.070733;0.007449;0.003939;0.008235;0.002966;0.040013;0.058218;0.02282;0.015671;0.014577;0.03316;0.008641;0.001067;0.001105;0.000928
C>T:GCA;0.060066;0.025874;0.005754;0.005623;0.024474;0.000858;0.011047;0.001619;0.015255;0.002515;0.002631;0.001314;0.000039;0.009681;0.003667;0.001172;0.006998;0.00903;0.060029;0.000178;0.002846;0.020015;0.004315;0.003828;0.00206;0.000194;0.116776;0.000548;0.028692;0.008087;0.010809;0.002069;0.003079;0.003087;0.002185;0.000941;0.014515;0.010341;0.000973;0.010515;0.02842;0.00196;0.019108;0.025246;0.032412;0.057879;0.001265;0.000125;0.003095;0.001514;0.003878;0.012703;0.02323;0.008643;0.002848;0.024884;0.005349;0.005319;0.009322;0.01246;0.021564;0.039085;0.014313;0.01073;0.009302;0.000322;0.003186;0.004841;0.139692;0.003603;0.003606;0.00582;0.000357;0.004177;0.01687;0.002421;0.005571;0.007412
C>T:GCC;0.024389;0.016433;0.002257;0.005653;0.161532;0.001069;0.01719;0.001838;0.031171;0.002246;0.046383;0.001795;0.00373;0.003232;0.005074;0.017106;0.070049;0.000055;0.006771;0.032624;0.001428;0.003137;0.024033;0.010497;0.011059;0.000279;0.024864;0.000294;0.000289;0.002861;0.002338;0.016085;0.003636;0.006834;0.00287;0.002149;0.000856;0.001303;0.047062;0.00579;0.000185;0.005703;0.005134;0.00997;0.013483;0.003407;0.001047;0.003701;0.003261;0.000508;0.002628;0.006372;0.003454;0.009302;0.007082;0.000823;0.006211;0.00417;0.005426;0.031251;0.010097;0.000291;0.0078;0.023155;0.001481;0.004426;0.008389;0.00221;0.003965;0.002986;0.001411;0.029187;0.060747;0.023777;0.001274;0.002721;0.001224;0.000473
C>T:GCG;0.003207;0.000938;0.000292;0.003257;0.003922;0.000739;0.070288;0.001487;0.165139;0.003232;0.054737;0.002555;0.016608;0.014071;0.014748;0.003688;0.184919;0.022938;0.011071;0.002407;0.001994;0.001122;0.007908;0.010698;0.005984;0.005252;0.011369;0.000917;0.007576;0.000809;0.003512;0.002013;0.000013;0.027143;0.003657;0.002936;0.001606;0.001616;0.032624;0.008351;0.016786;0.017502;0.025142;0.002712;0.000659;0.014741;0.035452;0.004848;0.023241;0.033975;0.01137;0.009972;0.001196;0.01045;0.000514;0.003955;0.004714;0.021506;0.015184;0.031918;0.006128;0.050163;0.007055;0.004072;0.051642;0.000053;0.018686;0.001861;0.006296;0.003489;0.001569;0.002492;0.006273;0.004798;0.000847;0.003932;0.024368;0.002226
C>T:GCT;0.071565;0.023996;0.004229;0.04564;0.075235;0.005341;0.014824;0.000315;0.030334;0.021778;0.005067;0.003498;0.000049;0.000458;0.002225;0.003965;0.078182;0.008749;0.002093;0.005268;0.007023;0.011471;0.002664;0.001077;0.00084;0.001953;0.008596;0.006869;0.002079;0.012014;0.00029;0.001967;0.006282;0.001876;0.004615;0.002635;0.009237;0.001453;0.00281;0.000537;0.000067;0.007248;0.008671;0.006853;0.004497;0.010598;0.003623;0.023232;0.037625;0.007306;0.000337;0.03664;0.001698;0.013674;0.014098;0.009323;0.022613;0.000074;0.043591;0.007083;0.006907;0.000011;0.04007;0.012622;0.000366;0.003075;0.005824;0.025436;0.0027;0.004177;0.05792;0.001689;0.006005;0.003761;0.030231;0.035887;0.001066;0.027811
C>T:TCA;0.047897;0.046398;0.00761;0.006254;0.016198;0.003427;0.000227;0.005206;0.000087;0.001621;0.000395;0.003759;0.001113;0.000182;0.021823;0.011293;0.008248;0.011872;0.030977;0.001472;0.000373;0.009729;0.033184;0.001367;0.008775;0.035496;0.016759;0.067061;0.011222;0.01274;0.132284;0.002657;0.002931;0.007977;0.007818;0.015704;0.005582;0.001811;0.000499;0.013519;0.002488;0.00652;0.00237;0.005695;0.001864;0.006417;0.002269;0.012362;0.074966;0.039461;0.008977;0.03742;0.000145;0.015783;0.003171;0.003718;0.044763;0.015572;0.006125;0.057903;0.008671;0.154162;0.003293;0.032213;0.056527;0.012559;0.000849;0.001872;0.00158;0.00979;0.005625;0.010561;0.003345;0.011984;0.003001;0.018205;0.00335;0.037821
C>T:TCC;0.015912;0.042063;0.002844;0.01611;0.062928;0.005235;0.004006;0.000541;0.009771;0.000206;0.093066;0.002993;0.000467;0.011342;0.096554;0.018621;0.000536;0.110751;0.044934;0.015566;0.004104;0.009869;0.001272;0.002757;0.009218;0.109246;0.027892;0.009874;0.000709;0.006355;0.096138;0.004124;0.001923;0.002638;0.034299;0.001102;0.006933;0.01172;0.003816;0.058545;0.001146;0.07366;0.005519;0.005329;0.004659;0.008991;0.011666;0.02012;0.007709;0.035028;0.01291;0.013725;0.0111;0.024404;0.001646;0.09774;0.008945;0.00066;0.006058;0.00176;0.060408;0.002829;0.002738;0.001421;0.011928;0.006821;0.00257;0.010768;0.008802;0.004978;0.00551;0.021584;0.010669;0.002411;0.049167;0.000129;0.003756;0.009676
C>T:TCG;0.001879;0.00074;0.000311;0.001591;0.001396;0.001926;0.025354;0.000235;0.085308;0.022896;0.000322;0.000323;0.00056;0.007936;0.018419;0.003995;0.070542;0.006;0.01147;0.00022;0.000589;0.012471;0.000226;0.012074;0.01076;0.012389;0.006992;0.005697;0.005996;0.005704;0.004957;0.014624;0.003664;0.002279;0.002124;0.020596;0.0003;0.010673;0.021742;0.023379;0.065288;0.000228;0.000524;0.007024;0.011001;0.032778;0.018459;0.00301;0.006216;0.00516;0.018973;0.000562;0.034558;0.007795;0.020168;0.011185;0.009962;0.009888;0.004557;0.005638;0.04367;0.059291;0.011261;0.00308;0.008849;0.00421;0.011632;0.036905;0.006806;0.073878;0.045363;0.037307;0.018151;0.004448;0.01901;0.007586;0.021633;0.017512
C>T:TCT;0.051127;0.059445;0.011972;0.031465;0.057455;0.010834;0.001836;0.001891;0.000991;0.006976;0.07354;0.004311;0.002354;0.026357;0.000847;0.014982;0.012477;0.126488;0.00563;0.010892;0.007242;0.046826;0.009784;0.000372;0.000466;0.001879;0.020187;0.001766;0.000917;0.010608;0.011281;0.02793;0.004489;0.007082;0.006822;0.002349;0.144652;0.006475;0.001401;0.001851;0.001099;0.00217;0.070013;0.003522;0.01297;0.031711;0.014388;0.004096;0.008038;0.007079;0.000399;0.02327;0.000904;0.018992;0.001477;0.033572;0.01907;0.002864;0.051349;0.002783;0.024912;0.00134;0.005485;0.011675;0.004648;0.008034;0.005895;0.002951;0.02376;0.027051;0.075313;0.020751;0.003402;0.000115;0.026785;0.003829;0.013694;0.008373
T>A:ATA;0.008366;0.013134;0.02971;0.014556;0.013309;0.04335;0.001238;0.013461;0.000453;0.002793;0.005875;0.031302;0.000108;0.004133;0.00301;0.041337;0.008253;0.00349;0.006523;0.032737;0.004369;0.015858;0.002315;0.006033;0.003568;0.016436;0.000129;0.009576;0.038225;0.016928;0.014291;0.010505;0.001335;0.004955;0.015389;0.002255;0.008546;0.001468;0.011587;0.006012;0.005605;0.0086;0.005898;0.006004;0.001066;0.006207;0.010048;0.001462;0.008941;0.024297;0.004096;0.013251;0.005102;0.00077;0.003162;0.003915;0.012913;0.001578;0.028057;0.02245;0.016608;0.011187;0.07727;0.047554;0.007758;0.014106;0.011967;0.047074;0.000691;0.017092;0.014396;0.004421;0.003459;0.012721;0.005732;0.006768;0.020924;0.000936
T>A:ATC;0.003119;0.004481;0.007207;0.003089;0.001902;0.007789;0.000805;0.000434;0.000421;0.002428;0.002157;0.00842;0.027723;0.000572;0.005311;0.000913;0.00211;0.004697;0.005404;0.014064;0.02381;0.008354;0.000886;0.019969;0.005807;0.002333;0.001735;0.003254;0.040273;0.001464;0.001397;0.001247;0.002595;0.014473;0.000026;0.016373;0.001377;0.000471;0.016848;0.013224;0.005317;0.013508;0.000658;0.002818;0.007841;0.001869;0.001389;0.006266;0.006306;0.004524;0.00533;0.004974;0.000006;0.011428;0.005446;0.00405;0.007569;0.01396;0.001322;0.002547;0.000022;0.009627;0.000207;0.001507;0.036434;0.014506;0.01642;0.012149;0.003726;0.039653;0.02394;0.00203;0.003642;0.003263;0.005239;0.015589;0.007925;0.004274
T>A:ATG;0.011728;0.002223;0.0185;0.023562;0.000098;0.047062;0.000872;0.019736;0.000447;0.014844;0.00296;0.031715;0.000144;0.006253;0.009786;0.032305;0.000525;0.000909;0.008621;0.007047;0.013173;0.016642;0.045485;0.03327;0.056402;0.007928;0.010596;0.011462;0.000354;0.020215;0.007972;0.019606;0.005959;0.002326;0.006541;0.00577;0.003566;0.014979;0.030446;0.003162;0.001274;0.00063;0.004248;0.020977;0.005271;0.006758;0.022101;0.004998;0.023443;0.001733;0.020027;0.012916;0.004599;0.001504;0.005213;0.000301;0.008298;0.028597;0.021966;0.002367;0.003005;0.014668;0.007881;0.002162;0.020793;0.002836;0.008894;0.0057;0.000444;0.0413;0.016137;0.017624;0.001079;0.011217;0.015035;0.022121;0.002534;0.023042
T>A:ATT;0.004324;0.010847;0.0145;0.003928;0.00748;0.02094;0.012039;0.002118;0.014589;0.013201;0.002785;0.007396;0.000132;0.015994;0.013097;0.131668;0.014281;0.010841;0.013184;0.000544;0.000552;0.001357;0.008772;0.016142;0.022901;0.133173;0.003666;0.00361;0.032721;0.002825;0.012475;0.005817;0.018647;0.067307;0.006902;0.099264;0.089773;0.00137;0.005029;0.007522;0.000336;0.006462;0.007077;0.016494;0.017728;0.007983;0.013188;0.011824;0.001688;0.037674;0.011816;0.050737;0.007733;0.009911;0.027626;0.02755;0.016287;0.002209;0.017404;0.00538;0.029557;0.014821;0.028039;0.003369;0.000707;0.025731;0.005102;0.019984;0.022641;0.00584;0.000546;0.003183;0.003828;0.008599;0.000922;0.003268;0.005943;0.021554
T>A:CTA;0.005378;0.000673;0.047441;0.040187;0.004522;0.072166;0.000241;0.000464;0.000395;0.003403;0.000202;0.001588;0.001463;0.003173;0.011182;0.00661;0.000359;0.006185;0.005709;0.001614;0.003146;0.001341;0.001461;0.004161;0.00213;0.008419;0.004896;0.000468;0.011409;0.007022;0.001219;0.003827;0.002627;0.061835;0.028777;0.010306;0.00428;0.002439;0.032814;0.019699;0.008826;0.003648;0.005589;0.001752;0.00407;0.005765;0.023393;0.012975;0.002256;0.034981;0.000763;0.002782;0.034668;0.001673;0.028322;0.001004;0.002398;0.028769;0.010698;0.002189;0.049198;0.014161;0.006959;0.009996;0.001161;0.021822;0.005575;0.00202;0.01453;0.007702;0.000891;0.003803;0.002625;0.002593;0.008229;0.001497;0.002739;0.000588
T>A:CTC;0.000819;0.00568;0.016799;0.018071;0.00152;0.042842;0.011915;0.001109;0.001353;0.000166;0.003692;0.008328;0.001569;0.00089;0.016443;0.001608;0.001086;0.021554;0.026222;0.004582;0.005557;0.007081;0.002288;0.000876;0.011396;0.000686;0.000606;0.008525;0.019233;0.000291;0.004325;0.008183;0.025344;0.001871;0.012229;0.003975;0.016643;0.010417;0.001432;0.00737;0.00015;0.000548;0.00104;0.000597;0.001628;0.007004;0.005474;0.001644;0.003784;0.005262;0.011484;0.023873;0.003404;0.026959;0.001126;0.001279;0.015531;0.006068;0.00896;0.001179;0.000139;0.003079;0.005457;0.003176;0.005881;0.01079;0.003415;0.000229;0.077897;0.000536;0.00318;0.022829;0.034418;0.023374;0.004333;0.000774;0.00233;0.003978
T>A:CTG;0.01618;0.006032;0.029178;0.050728;0.002351;0.096728;0.002248;0.002538;0.000095;0.003824;0.001167;0.028035;0.001329;0.008879;0.035995;0.01262;0.008391;0.009392;0.019401;0.01061;0.003229;0.016401;0.016268;0.010282;0.007526;0.002594;0.003885;0.002904;0.004945;0.00744;0.001685;0.022395;0.010273;0.011383;0.00625;0.007736;0.015869;0.00007;0.001142;0.007663;0.018807;0.004168;0.000536;0.005874;0.01078;0.002111;0.016736;0.010995;0.028408;0.005395;0.004389;0.018559;0.00057;0.008984;0.003257;0.004666;0.005801;0.007374;0.011394;0.013102;0.008172;0.008557;0.000467;0.014534;0.008353;0.002346;0.000721;0.001359;0.004966;0.008694;0.001955;0.008808;0.012289;0.005174;0.001596;0.008675;0.00094;0.000229
T>A:CTT;0.006084;0.009209;0.020963;0.018916;0.002131;0.04513;0.050494;0.00004;0.016897;0.024016;0.004538;0.003318;0.00268;0.003867;0.000086;0.0095;0.004209;0.006257;0.009033;0.002644;0.008028;0.00945;0.004553;0.003749;0.009355;0.00185;0.002889;0.005748;0.023411;0.005447;0.003032;0.021127;0.001432;0.002156;0.011619;0.007336;0.036779;0.009876;0.004033;0.006971;0.005572;0.012641;0.00162;0.003868;0.002281;0.001451;0.00055;0.006454;0.004918;0.005221;0.078054;0.019525;0.003596;0.013103;0.074737;0.000293;0.000702;0.005805;0.001368;0.007771;0.051588;0.003875;0.00221;0.015557;0.013118;0.002059;0.007148;0.009751;0.004147;0.03124;0.001688;0.01334;0.044719;0.038306;0.002871;0.000411;0.002125;0.015545
T>A:GTA;0.002641;0.000136;0.012354;0.010218;0.003531;0.030474;0.000293;0.004322;0.001036;0.002432;0.00174;0.000188;0.000287;0.005242;0.00479;0.003585;0.002239;0.00105;0.004705;0.010075;0.000828;0.000456;0.001721;0.001688;0.00015;0.00034;0.001131;0.006671;0.00109;0.006092;0.004083;0.001581;0.00082;0.002906;0.000115;0.002835;0.004781;0.001044;0.011329;0.005804;0.002231;0.01343;0.001477;0.000227;0.002791;0.005123;0.028078;0.008726;0.011915;0.011042;0.017698;0.018823;0.025939;0.004208;0.016669;0.014375;0.012645;0.000945;0.005043;0.000692;0.002275;0.006619;0.008459;0.002109;0.015119;0.001324;0.020634;0.001325;0.00789;0.005704;0.00422;0.008523;0.004873;0.001701;0.019036;0.0018;0.00266;0.005631
T>A:GTC;0.000978;0.000013;0.005926;0.000637;0.004209;0.009122;0.003788;0.000144;0.000336;0.003301;0.002603;0.000927;0.004657;0.001528;0.004769;0.003571;0.00163;0.0108;0.004162;0.00262;0.000607;0.002283;0.013188;0.00246;0.008864;0.008166;0.005847;0.010201;0.002002;0.006613;0.018747;0.010315;0.00669;0.001024;0.024543;0.006982;0.006257;0.000305;0.007871;0.000121;0.039083;0.005669;0.000525;0.00003;0.001626;0.006906;0.011735;0.014741;0.000724;0.001703;0.001671;0.006607;0.003802;0.003989;0.007998;0.007766;0.00007;0.012351;0.00406;0.007136;0.003632;0.001744;0.002468;0.019667;0.001548;0.001158;0.002292;0.003128;0.00141;0.0049;0.010213;0.00278;0.002942;0.00499;0.002693;0.009436;0.008248;0.003234
T>A:GTG;0.005529;0.000166;0.010741;0.015315;0.000409;0.025836;0.000092;0.009618;0.00181;0.011522;0.004092;0.00298;0.002344;0.002056;0.001468;0.001844;0.0128;0.005012;0.006143;0.003947;0.018925;0.007334;0.006647;0.004731;0.006033;0.000591;0.002983;0.013645;0.001957;0.001385;0.001284;0.005992;0.013426;0.029766;0.009744;0.002544;0.038547;0.011514;0.001874;0.002262;0.003173;0.001136;0.000362;0.017718;0.005001;0.000552;0.00398;0.002003;0.007114;0.000839;0.002771;0.01867;0.027959;0.000078;0.024999;0.004669;0.027151;0.002923;0.002501;0.008325;0.004811;0.0249;0.001695;0.005685;0.000617;0.008241;0.003508;0.003599;0.010863;0.005791;0.003001;0.004839;0.001213;0.006151;0.001439;0.000433;0.00785;0.010414
T>A:GTT;0.001856;0.001108;0.004594;0.000662;0.006499;0.014289;0.011369;0.000678;0.000166;0.000852;0.001287;0.010695;0.007889;0.003363;0.013974;0.002481;0.000899;0.001487;0.019561;0.009596;0.031664;0.007338;0.000468;0.005936;0.007999;0.007637;0.007171;0.002427;0.005151;0.001826;0.001405;0.001955;0.021812;0.001165;0.005844;0.010591;0.004677;0.004465;0.009318;0.003897;0.009367;0.018251;0.005466;0.002629;0.000204;0.006096;0.009896;0.023679;0.012183;0.003274;0.008304;0.000583;0.005227;0.062373;0.002264;0.00205;0.000301;0.007754;0.010899;0.012686;0.006713;0.023698;0.025343;0.018972;0.005704;0.00053;0.004223;0.000563;0.002122;0.00926;0.015042;0.024392;0.027655;0.004656;0.007384;0.078794;0.000008;0.021683
T>A:TTA;0.004317;0.000928;0.039383;0.00743;0.017747;0.054281;0.006642;0.002896;0.030468;0.001782;0.006379;0.018729;0.004044;0.005214;0.031573;0.006271;0.008645;0.00223;0.000662;0.022278;0.01298;0.011201;0.111451;0.004607;0.013552;0.002856;0.006532;0.002396;0.035602;0.004127;0.178785;0.00156;0.017762;0.001614;0.00091;0.000489;0.006616;0.041252;0.00254;0.007957;0.028166;0.008097;0.00028;0.002696;0.009497;0.098255;0.00658;0.000966;0.008634;0.023776;0.040225;0.019816;0.002462;0.003111;0.004845;0.003613;0.003968;0.025903;0.050341;0.017547;0.012515;0.007614;0.013699;0.005334;0.003715;0.055253;0.006455;0.001201;0.000916;0.001258;0.05727;0.011177;0.060507;0.009307;0.014014;0.066746;0.025682;0.007819
T>A:TTC;0.001786;0.00647;0.007824;0.00402;0.001805;0.014535;0.000116;0.001019;0.000388;0.003157;0.000166;0.007397;0.002288;0.006626;0.018218;0.00196;0.000677;0.002432;0.005734;0.010827;0.010084;0.001235;0.013731;0.002278;0.000865;0.000895;0.002763;0.003911;0.000124;0.006377;0.000368;0.024924;0.000869;0.000824;0.013227;0.004029;0.001826;0.007596;0.006567;0.005371;0.045445;0.001351;0.00678;0.000181;0.002493;0.016093;0.007099;0.001411;0.011984;0.000513;0.000789;0.009413;0.002958;0.010743;0.000527;0.00483;0.00766;0.008485;0.029793;0.000304;0.011703;0.001879;0.00314;0.007421;0.003473;0.008597;0.019717;0.00341;0.004314;0.062926;0.002082;0.002212;0.016317;0.015797;0.000676;0.001273;0.008249;0.005282
T>A:TTG;0.012976;0.000071;0.014162;0.011356;0.002592;0.041535;0.000065;0.001779;0.000469;0.015399;0.003127;0.016164;0.001628;0.00185;0.00438;0.015832;0.001595;0.01352;0.011039;0.001033;0.00037;0.034162;0.018153;0.000682;0.021762;0.002498;0.003069;0.004947;0.006114;0.007776;0.002531;0.005715;0.004317;0.000426;0.002338;0.006738;0.017526;0.001805;0.002078;0.005909;0.012206;0.017262;0.007514;0.000742;0.000421;0.023231;0.012052;0.001671;0.000877;0.001267;0.001875;0.008215;0.006183;0.011449;0.001144;0.002584;0.000857;0.006988;0.005855;0.007613;0.007414;0.005953;0.017977;0.008588;0.003938;0.009735;0.000224;0.003453;0.004605;0.017566;0.000303;0.022026;0.003536;0.000806;0.002752;0.012336;0.008681;0.00069
T>A:TTT;0.003701;0.014042;0.016558;0.00974;0.005348;0.022951;0.019105;0.003746;0.016106;0.003001;0.002191;0.004859;0.002922;0.002054;0.00801;0.056264;0.00642;0.00074;0.003062;0.006114;0.002197;0.002209;0.009695;0.086589;0.006145;0.021376;0.007457;0.006335;0.003321;0.001278;0.001923;0.030868;0.012113;0.008239;0.001504;0.000613;0.008385;0.036791;0.01547;0.000406;0.002304;0.004612;0.002646;0.003687;0.001858;0.034968;0.000366;0.009976;0.002974;0.014393;0.01743;0.004846;0.005422;0.000561;0.006686;0.024092;0.006022;0.000506;0.018559;0.031333;0.008066;0.010999;0.007532;0.044722;0.011794;0.022889;0.003915;0.026138;0.021905;0.000333;0.007772;0.008445;0.008813;0.001876;0.006112;0.002284;0.020553;0.007933
T>C:ATA;0.031225;0.003846;0.026363;0.011026;0.014582;0.003254;0.000757;0.090386;0.000756;0.138545;0.002456;0.094692;0.007595;0.018129;0.001392;0.02984;0.02259;0.002652;0.000525;0.003068;0.004555;0.001606;0.022768;0.024372;0.00423;0.011653;0.02756;0.007876;0.007095;0.097499;0.003158;0.002605;0.01116;0.008822;0.002041;0.000286;0.002497;0.053339;0.000933;0.000501;0.014095;0.0061;0.006196;0.040105;0.000753;0.003612;0.012401;0.002814;0.002425;0.001794;0.009182;0.010925;0.001746;0.006973;0.003408;0.003204;0.00473;0.005755;0.008637;0.032431;0.000767;0.012495;0.000497;0.037565;0.006219;0.014965;0.041495;0.020898;0.000331;0.005514;0.002833;0.023806;0.006884;0.017479;0.000239;0.019536;0.039735;0.008457
T>C:ATC;0.005567;0.000127;0.007334;0.002625;0.003805;0.000006;0.00142;0.016321;0.000297;0.075062;0.015155;0.016718;0.001013;0.005803;0.005955;0.015902;0.012487;0.000019;0.000374;0.006317;0.006266;0.001461;0.006805;0.01882;0.004146;0.02797;0.03776;0.003966;0.006493;0.002633;0.001081;0.006564;0.009415;0.001146;0.001759;0.000574;0.00009;0.003379;0.004117;0.023813;0.006756;0.001722;0.008061;0.000283;0.000442;0.000509;0.003028;0.001359;0.002039;0.004723;0.001796;0.004624;0.003866;0.027728;0.004454;0.003911;0.001034;0.058462;0.00186;0.000441;0.000632;0.000406;0.001338;0.020759;0.001665;0.001633;0.029637;0.005576;0.010263;0.011099;0.028837;0.008981;0.006518;0.01431;0.00232;0.026129;0.060429;0.010527
T>C:ATG;0.040387;0.000032;0.01266;0.011673;0.001341;0.004631;0.000167;0.103406;0.000439;0.180879;0.000196;0.116909;0.0006;0.004106;0.009233;0.011353;0.004295;0.009944;0.00241;0.007198;0.004532;0.007447;0.001353;0.002168;0.000905;0.002286;0.001898;0.010272;0.011064;0.000609;0.002055;0.006575;0.002267;0.007492;0.017984;0.00463;0.011875;0.040783;0.000388;0.058894;0.003272;0.004358;0.004331;0.000031;0.001472;0.00392;0.000766;0.005373;0.002258;0.002538;0.009968;0.002246;0.000593;0.01975;0.013917;0.001572;0.000678;0.000253;0.00578;0.003656;0.005862;0.007532;0.002662;0.006869;0.004146;0.004786;0.000022;0.013532;0.00483;0.000954;0.005062;0.006765;0.002471;0.010881;0.01414;0.01322;0.027915;0.005219
T>C:ATT;0.01482;0.000107;0.01114;0.007775;0.014859;0.008595;0.0026;0.053523;0.001827;0.153106;0.000769;0.047448;0.000464;0.03368;0.04864;0.026542;0.012099;0.002493;0.000912;0.013616;0.000513;0.011055;0.004454;0.011219;0.018909;0.000842;0.047575;0.003608;0.011967;0.006014;0.003077;0.006388;0.004286;0.020314;0.010571;0.01158;0.00662;0.001946;0.005302;0.001124;0.002662;0.022696;0.001032;0.04442;0.000492;0.009987;0.016584;0.005733;0.004659;0.007377;0.003195;0.001243;0.000773;0.012809;0.005415;0.006262;0.009877;0.032825;0.001303;0.041711;0.00396;0.006912;0.012844;0.016511;0.006531;0.00589;0.005782;0.009308;0.002604;0.001526;0.048333;0.003521;0.023629;0.06867;0.020673;0.004314;0.006208;0.020201
T>C:CTA;0.017431;0.000379;0.064742;0.011309;0.000713;0.000857;0.000786;0.050673;0.000649;0.003191;0.001892;0.001451;0.002527;0.006585;0.003997;0.00213;0.001023;0.002193;0.001701;0.008203;0.004662;0.00715;0.001866;0.00068;0.012039;0.001875;0.000615;0.0024;0.002981;0.002595;0.001125;0.0021;0.024883;0.01478;0.00696;0.005143;0.000579;0.007396;0.000599;0.003541;0.001628;0.005943;0.003766;0.014328;0.002819;0.029766;0.00483;0.003275;0.00892;0.002851;0.000462;0.018967;0.008156;0.005584;0.005519;0.004938;0.002577;0.000118;0.004614;0.003888;0.007766;0.001429;0.006342;0.00119;0.013726;0.00131;0.019278;0.004705;0.014011;0.003651;0.003979;0.021132;0.00145;0.000574;0.00569;0.002684;0.027829;0.006841
T>C:CTC;0.00504;0.001746;0.014865;0.005063;0.002733;0.000106;0.026134;0.010778;0.000132;0.002786;0.007045;0.001301;0.000491;0.00163;0.028861;0.002571;0.010214;0.013907;0.003641;0.01285;0.004139;0.000504;0.002719;0.002021;0.001988;0.00936;0.002149;0.002481;0.00114;0.001292;0.000919;0.00011;0.008726;0.009034;0.002656;0.057454;0.001419;0.01303;0.016612;0.000077;0.006772;0.004032;0.008669;0.057907;0.000792;0.010526;0.003737;0.009368;0.00616;0.009377;0.004128;0.006452;0.005942;0.00255;0.052896;0.008389;0.004594;0.011435;0.010462;0.012562;0.004627;0.009138;0.02095;0.017869;0.004304;0.005403;0.004723;0.003882;0.007907;0.022236;0.002632;0.003032;0.009498;0.00006;0.004332;0.002041;0.003035;0.000459
T>C:CTG;0.021624;0.000052;0.0248;0.005494;0.00018;0.002264;0.017762;0.074861;0.00148;0.003339;0.003599;0.002055;0.000297;0.002012;0.004268;0.000601;0.002049;0.00579;0.006271;0.000239;0.000757;0.013487;0.011172;0.010601;0.004885;0.008564;0.013336;0.008855;0.016876;0.006057;0.023823;0.005304;0.003615;0.01577;0.009512;0.001374;0.000955;0.013202;0.000957;0.001534;0.016818;0.0166;0.001152;0.004053;0.001549;0.010344;0.01135;0.013979;0.000804;0.015015;0.006051;0.000702;0.00372;0.006046;0.0005;0.024289;0.009739;0.000386;0.02222;0.01784;0.018581;0.004769;0.001365;0.001275;0.006106;0.012177;0.001516;0.008016;0.011051;0.004049;0.003476;0.018268;0.009003;0.000606;0.004242;0.000981;0.003687;0.008062
T>C:CTT;0.014531;0.011269;0.038953;0.010526;0.000963;0.001597;0.061865;0.075499;0.000117;0.00106;0.00207;0.001022;0.000828;0.000223;0.003842;0.04001;0.004014;0.029343;0.000731;0.001465;0.004018;0.006003;0.003861;0.005906;0.006664;0.012184;0.019907;0.000736;0.002077;0.0017;0.000523;0.001593;0.007509;0.004873;0.004957;0.002419;0.001005;0.00135;0.00186;0.002629;0.000005;0.002142;0.007253;0.016497;0.001387;0.010294;0.000239;0.010442;0.005755;0.003118;0.004638;0.005692;0.012451;0.005105;0.002046;0.052055;0.000534;0.013909;0.05245;0.022451;0.007921;0.01077;0.000163;0.003497;0.034781;0.004894;0.00519;0.007214;0.000655;0.019071;0.006694;0.003624;0.018762;0.003266;0.004197;0.010524;0.001313;0.007056
T>C:GTA;0.017118;0.000387;0.061184;0.002802;0.003947;0.00506;0.000669;0.047897;0.001091;0.023643;0.011933;0.014209;0.000221;0.002868;0.003481;0.002058;0.022681;0.000706;0.001022;0.040112;0.000629;0.006207;0.005219;0.030008;0.014348;0.002529;0.001234;0.001182;0.001703;0.002658;0.003931;0.012633;0.01361;0.016311;0.003275;0.003086;0.014272;0.019684;0.017386;0.012151;0.003495;0.017392;0.011871;0.002996;0.001751;0.000248;0.035297;0.002206;0.0012;0.01402;0.004803;0.004229;0.000945;0.021659;0.004984;0.003021;0.00441;0.016186;0.005262;0.025714;0.000963;0.005049;0.000696;0.002426;0.009947;0.031762;0.000751;0.009758;0.0207;0.016056;0.001214;0.016332;0.011335;0.004797;0.013365;0.004143;0.009893;0.025509
T>C:GTC;0.004394;0.000161;0.009665;0.002534;0.003609;0.000956;0.013511;0.00863;0.002667;0.000305;0.013702;0.000893;0.000103;0.004261;0.012667;0.020264;0.056438;0.001154;0.002993;0.001494;0.005182;0.008136;0.025294;0.005135;0.003994;0.00232;0.004;0.008752;0.006942;0.001092;0.005236;0.005015;0.027068;0.023917;0.00015;0.129722;0.000326;0.001252;0.003526;0.00151;0.002885;0.002502;0.013237;0.001782;0.007754;0.002576;0.012916;0.000496;0.000753;0.002567;0.01406;0.020678;0.008709;0.017493;0.022785;0.034373;0.006079;0.004781;0.007864;0.000417;0.015622;0.019052;0.010543;0.007517;0.014601;0.000065;0.009193;0.004268;0.036735;0.001389;0.005332;0.008738;0.020016;0.024864;0.009566;0.023492;0.001898;0.012004
T>C:GTG;0.017304;0.000571;0.025495;0.000095;0.000514;0.003904;0.003475;0.057486;0.00005;0.00254;0.02614;0.004815;0.002258;0.006502;0.007866;0.001296;0.000127;0.001471;0.001193;0.000135;0.006383;0.002864;0.014798;0.004624;0.001313;0.001089;0.007096;0.00283;0.004267;0.020377;0.001787;0.003568;0.006985;0.001738;0.00345;0.006091;0.006563;0.028683;0.039797;0.00248;0.001536;0.016634;0.007144;0.022825;0.001534;0.000481;0.007794;0.005042;0.003181;0.0034;0.004394;0.036861;0.012443;0.006389;0.001536;0.019476;0.009587;0.002722;0.024149;0.002845;0.019315;0.00326;0.017476;0.009251;0.001924;0.019255;0.015174;0.015783;0.002352;0.01719;0.001865;0.006612;0.000627;0.015861;0.016848;0.012754;0.009013;0.055186
T>C:GTT;0.013199;0.000516;0.034019;0.001108;0.002954;0.003017;0.01705;0.044008;0.000389;0.03087;0.001048;0.018819;0.002301;0.006365;0.017674;0.000307;0.021189;0.008961;0.00171;0.01539;0.001055;0.000152;0.001431;0.015515;0.000032;0.017487;0.004727;0.008574;0.014188;0.001391;0.038797;0.004324;0.011135;0.000754;0.001319;0.000852;0.004132;0.036126;0.002577;0.001275;0.008;0.005576;0.003008;0.00494;0.035545;0.010787;0.011128;0.001114;0.075514;0.002155;0.03355;0.002397;0.001613;0.008956;0.001574;0.005343;0.019117;0.000285;0.007042;0.004126;0.002087;0.001985;0.006864;0.001117;0.00265;0.004459;0.00975;0.007082;0.02069;0.003586;0.003531;0.017456;0.047662;0.004239;0.001514;0.005267;0.017478;0.002394
T>C:TTA;0.025307;0.00012;0.086198;0.002741;0.000427;0.018511;0.000673;0.061312;0.000914;0.00972;0.000369;0.042322;0.001479;0.013785;0.01133;0.000839;0.007246;0.000907;0.00222;0.008413;0.001792;0.000997;0.002577;0.005202;0.005232;0.000249;0.001545;0.002997;0.000397;0.010595;0.002932;0.001262;0.037159;0.001516;0.005202;0.014743;0.000514;0.002426;0.002423;0.001575;0.004429;0.007393;0.00515;0.000188;0.007233;0.003513;0.001606;0.00065;0.003383;0.012947;0.008062;0.000138;0.005774;0.014217;0.002311;0.022341;0.000992;0.00517;0.001436;0.000547;0.000855;0.012071;0.002903;0.003546;0.000101;0.004016;0.000498;0.000937;0.030907;0.005802;0.009579;0.014742;0.000565;0.019938;0.006085;0.005857;0.07424;0.00226
T>C:TTC;0.004675;0.000953;0.013489;0.000433;0.004061;0.000804;0.015696;0.018839;0.000694;0.005721;0.020349;0.007346;0.001178;0.000712;0.005374;0.011852;0.007915;0.005132;0.008979;0.021714;0.006528;0.00072;0.004596;0.034651;0.003849;0.005367;0.000497;0.002574;0.004079;0.003013;0.007582;0.014969;0.003819;0.002772;0.043288;0.035506;0.005983;0.018545;0.001605;0.003118;0.036912;0.013454;0.008166;0.007657;0.027475;0.005335;0.01945;0.018016;0.039204;0.01391;0.005077;0.006523;0.002104;0.005719;0.00125;0.001316;0.001014;0.010955;0.003571;0.006879;0.006331;0.021901;0.00048;0.013355;0.007562;0.005124;0.001274;0.002342;0.003826;0.030494;0.002587;0.003243;0.006424;0.048582;0.00203;0.02196;0.016388;0.01335
T>C:TTG;0.018218;0.000875;0.021185;0.000438;0.001905;0.004451;0.000737;0.065884;0.000232;0.001244;0.001082;0.056983;0.00076;0.001312;0.006685;0.002778;0.007221;0.004538;0.003324;0.006515;0.001828;0.002748;0.003047;0.006069;0.000601;0.018634;0.014667;0.000722;0.000509;0.005675;0.000519;0.000322;0.005474;0.011081;0.002047;0.00328;0.015006;0.016824;0.000392;0.003136;0.026187;0.002092;0.015745;0.016162;0.006049;0.009192;0.0028;0.002381;0.004726;0.004022;0.00009;0.003096;0.000974;0.007471;0.004258;0.002423;0.004884;0.007779;0.000283;0.002879;0.00983;0.001539;0.001094;0.004516;0.004831;0.0019;0.007051;0.00903;0.002045;0.006832;0.009512;0.007588;0.010985;0.003143;0.004349;0.001208;0.000574;0.012118
T>C:TTT;0.016418;0.000061;0.040996;0.008772;0.000467;0.00341;0.014729;0.046528;0.000448;0.011899;0.001597;0.042885;0.003785;0.001155;0.007622;0.015445;0.01153;0.000854;0.003872;0.004291;0.005908;0.010867;0.00322;0.006268;0.010167;0.050675;0.032604;0.01708;0.00101;0.004875;0.003279;0.001373;0.007096;0.005212;0.00474;0.0233;0.005525;0.014395;0.003899;0.059851;0.002431;0.002066;0.001889;0.000579;0.008285;0.010797;0.042579;0.011849;0.002678;0.007634;0.005814;0.001508;0.003942;0.013982;0.054095;0.004447;0.022859;0.022842;0.002158;0.005924;0.016003;0.000788;0.008217;0.004023;0.003303;0.032788;0.021852;0.025503;0.007085;0.00114;0.005361;0.004068;0.016227;0.012682;0.001216;0.016893;0.004896;0.006095
T>G:ATA;0.0014;0.002718;0.007649;0.010269;0.008214;0.000612;0.000207;0.003649;0.000568;0.00011;0.000262;0.002904;0.000379;0.005216;0.001277;0.001368;0.000317;0.001813;0.003176;0.030385;0.000146;0.005969;0.012485;0.015348;0.000717;0.004589;0.002149;0.004191;0.047164;0.000599;0.007437;0.015599;0.000354;0.005983;0.009721;0.004141;0.00864;0.005583;0.000142;0.018458;0.00729;0.004866;0.002534;0.014652;0.002514;0.00312;0.000065;0.003439;0.009354;0.004774;0.01181;0.000177;0.005553;0.021343;0.017804;0.000096;0.002947;0.01965;0.007272;0.003061;0.005678;0.000258;0.021936;0.005361;0.005278;0.001645;0.003119;0.001646;0.003731;0.002388;0.009052;0.008881;0.002124;0.001133;0.006758;0.002894;0.01078;0.003931
T>G:ATC;0.000285;0.000183;0.000624;0.001006;0.000617;0.000715;0.000392;0.000256;0.000486;0.002304;0.001721;0.001695;0.000759;0.012272;0.008246;0.000566;0.001226;0.004057;0.000482;0.012616;0.000164;0.005662;0.008499;0.009037;0.005841;0.000183;0.002808;0.010945;0.000854;0.000738;0.003486;0.032079;0.00188;0.000466;0.004003;0.000055;0.001081;0.000344;0.011716;0.000082;0.002682;0.005451;0.002261;0.005199;0.000647;0.000942;0.00074;0.012816;0.002789;0.000675;0.002352;0.000907;0.000133;0.001986;0.004937;0.009639;0.012536;0.008561;0.001443;0.002805;0.00099;0.003871;0.009376;0.003463;0.038059;0.002143;0.007436;0.023923;0.003098;0.00141;0.011162;0.001545;0.003483;0.001527;0.02223;0.011019;0.022694;0.002026
T>G:ATG;0.004687;0.000101;0.003863;0.014136;0.000134;0.005517;0.000284;0.002593;0.000117;0.00051;0.000589;0.000069;0.000569;0.000643;0.001931;0.000082;0.003786;0.033103;0.005402;0.011909;0.001426;0.020407;0.016017;0.00103;0.000236;0.002063;0.000834;0.016056;0.004706;0.004045;0.001752;0.000482;0.000418;0.011529;0.003392;0.009645;0.00193;0.007866;0.017363;0.003198;0.000131;0.004436;0.014992;0.010932;0.002095;0.005837;0.005397;0.000921;0.000126;0.002561;0.00426;0.006205;0.008337;0.001188;0.00999;0.002196;0.00339;0.017358;0.000185;0.005133;0.002694;0.012405;0.005959;0.004054;0.001334;0.005427;0.007774;0.006513;0.005237;0.001483;0.003361;0.000874;0.004089;0.008001;0.034748;0.000796;0.004225;0.009314
T>G:ATT;0.001072;0.000126;0.001242;0.002406;0.002107;0.000432;0.047659;0.000658;0.000276;0.000689;0.004472;0.002603;0.007922;0.026311;0.004094;0.001404;0.008664;0.01218;0.003591;0.049245;0.011299;0.009698;0.035439;0.012028;0.006498;0.00672;0.006898;0.003392;0.010172;0.022227;0.004004;0.007646;0.000616;0.002986;0.004493;0.000767;0.002439;0.000304;0.006073;0.005329;0.007315;0.002153;0.022455;0.014959;0.001259;0.002721;0.004029;0.007831;0.005797;0.009018;0.012928;0.007588;0.005045;0.024829;0.000198;0.006843;0.012011;0.018748;0.012952;0.006067;0.00015;0.006918;0.001059;0.005345;0.003916;0.001344;0.014307;0.077942;0.004442;0.001041;0.008784;0.026751;0.003055;0.013146;0.007946;0.000059;0.004753;0.010448
T>G:CTA;0.001096;0.000313;0.004645;0.018898;0.005876;0.001224;0.000397;0.000839;0.000226;0.000855;0.000077;0.001009;0.001419;0.002944;0.000787;0.005983;0.001186;0.000529;0.000768;0.004832;0.000584;0.005533;0.00504;0.001377;0.001052;0.006976;0.005141;0.004041;0.000044;0.000773;0.002675;0.007191;0.00191;0.001889;0.001621;0.000157;0.000648;0.004692;0.008879;0.005272;0.001999;0.000038;0.000003;0.000055;0.000648;0.006079;0.006689;0.000536;0.00227;0.006028;0.006401;0.004311;0.002681;0.006025;0.003357;0.001157;0.008661;0.00296;0.002189;0.000485;0.000699;0.000952;0.005126;0.00799;0.000769;0.007364;0.001186;0.004696;0.007783;0.00615;0.000191;0.001564;0.002764;0.004679;0.005854;0.000408;0.000488;0.006842
T>G:CTC;0.00067;0.000013;0.002325;0.006576;0.00344;0.004757;0.00389;0.000807;0.000276;0.003405;0.00011;0.00284;0.001868;0.000613;0.000724;0.010359;0.001973;0.015852;0.007707;0.008215;0.000373;0.009071;0.002256;0.003263;0.000478;0.000081;0.000654;0.000504;0.000755;0.000319;0.009502;0.000864;0.001015;0.000246;0.003959;0.001899;0.00432;0.012437;0.000458;0.004688;0.003673;0.017772;0.00661;0.000758;0.019701;0.002865;0.000854;0.000618;0.01223;0.004108;0.000351;0.001404;0.000571;0.0082;0.005453;0.010147;0.008313;0.001209;0.004367;0.002749;0.001881;0.001272;0.003956;0.001422;0.000204;0.000229;0.000904;0.002832;0.002644;0.00205;0.000644;0.001207;0.004085;0.006652;0.017719;0.020685;0.004049;0.015864
T>G:CTG;0.004205;0.000148;0.006273;0.043411;0.003142;0.000064;0.001223;0.002816;0.000855;0.000629;0.000105;0.008227;0.000537;0.002303;0.001031;0.002024;0.007803;0.003797;0.00037;0.006104;0.001075;0.027733;0.007992;0.00171;0.002678;0.000855;0.002624;0.008158;0.00273;0.001196;0.01562;0.004897;0.008138;0.000109;0.002967;0.005315;0.006014;0.002741;0.003976;0.005689;0.003736;0.002819;0.001207;0.005911;0.002906;0.004029;0.001057;0.004375;0.008536;0.003757;0.002498;0.007111;0.001458;0.001466;0.001639;0.00482;0.001051;0.005606;0.005996;0.000182;0.001857;0.001148;0.003552;0.007175;0.006373;0.005182;0.012595;0.002942;0.00167;0.001731;0.00012;0.003678;0.000703;0.0074;0.015335;0.002852;0.008117;0.006732
T>G:CTT;0.000203;0.000377;0.001096;0.012348;0.002165;0.001458;0.16299;0.002417;0.001933;0.000772;0.006593;0.007935;0.008794;0.008458;0.003673;0.004523;0.006999;0.004784;0.008287;0.01196;0.000466;0.000343;0.003301;0.002675;0.001614;0.001815;0.000459;0.039341;0.004136;0.036768;0.011685;0.004601;0.003043;0.001608;0.001757;0.026783;0.009379;0.007289;0.026628;0.001328;0.001943;0.001777;0.001452;0.006082;0.00769;0.001524;0.002021;0.016574;0.022359;0.03513;0.00237;0.022136;0.027624;0.008416;0.011213;0.002824;0.001512;0.000198;0.007212;0.003248;0.005833;0.000744;0.002393;0.011134;0.000927;0.025681;0.020911;0.044154;0.000159;0.00185;0.006058;0.048924;0.003925;0.004796;0.022013;0.020668;0.01674;0.001484
T>G:GTA;0.000752;0.000016;0.001528;0.000802;0.006822;0.000198;0.00001;0.001312;0.000036;0.000018;0.003224;0.000108;0.00055;0.003667;0.001921;0.004451;0.000823;0.000301;0.000725;0.009107;0.000683;0.016892;0.001248;0.001191;0.002285;0.002442;0.003392;0.005088;0.003024;0.000536;0.003544;0.001845;0.001049;0.001571;0.004311;0.002107;0.000144;0.003134;0.003893;0.000054;0.003776;0.001816;0.000554;0.002148;0.003929;0.000951;0.001594;0.004122;0.002807;0.000103;0.002162;0.004838;0.017651;0.001231;0.005069;0.001025;0.002882;0.002657;0.000944;0.002584;0.005018;0.000579;0.006239;0.000215;0.001331;0.015236;0.000176;0.000625;0.002765;0.002851;0.012677;0.003315;0.004543;0.002652;0.001541;0.004472;0.012505;0.00903
T>G:GTC;0.000068;0.000007;0.000513;0.001574;0.001344;0.000444;0.002812;0.000169;0.000246;0.000111;0.00004;0.001185;0.000535;0.003585;0.000521;0.004568;0.004512;0.000828;0.006803;0.01255;0.004757;0.003162;0.001003;0.005459;0.001593;0.001385;0.000606;0.000502;0.002052;0.003274;0.002404;0.002266;0.00387;0.00178;0.001799;0.009176;0.00295;0.002901;0.003965;0.002204;0.005259;0.010917;0.009882;0.002112;0.014656;0.004554;0.000075;0.000992;0.00349;0.000431;0.0004;0.01235;0.003465;0.002116;0.000284;0.007067;0.004016;0.002668;0.00011;0.003251;0.006764;0.002652;0.005525;0.002082;0.003345;0.003764;0.005799;0.003889;0.001523;0.005427;0.000221;0.002304;0.001498;0.000766;0.000389;0.009937;0.014101;0.002026
T>G:GTG;0.001256;0.000008;0.00223;0.009465;0.002773;0.000686;0.000733;0.000801;0.000104;0.000041;0.002101;0.002701;0.002914;0.000371;0.00311;0.006225;0.014434;0.00576;0.00174;0.00266;0.000729;0.010707;0.0034;0.000716;0.001498;0.014885;0.000458;0.005159;0.023575;0.004442;0.005427;0.007239;0.004364;0.006359;0.000216;0.007914;0.000912;0.001753;0.01671;0.004142;0.001737;0.007367;0.006992;0.005399;0.011909;0.001827;0.000854;0.00084;0.00651;0.002294;0.012265;0.013519;0.003867;0.001914;0.00003;0.005471;0.000213;0.000124;0.014425;0.006722;0.015577;0.004024;0.002845;0.002965;0.000141;0.00624;0.003174;0.002959;0.012613;0.000165;0.002775;0.00593;0.000052;0.004054;0.005124;0.002551;0.001226;0.013809
T>G:GTT;0.000244;0.000044;0.000268;0.003242;0.002471;0.000276;0.075158;0.000638;0.000736;0.000907;0.010563;0.002117;0.006493;0.008166;0.002955;0.004591;0.000952;0.004407;0.021061;0.004339;0.000599;0.009738;0.003563;0.003409;0.014384;0.003696;0.011703;0.011957;0.001768;0.007979;0.00176;0.000174;0.001225;0.004517;0.002453;0.000867;0.003063;0.004539;0.001094;0.000027;0.003722;0.004398;0.014225;0.002582;0.002384;0.002216;0.008906;0.004425;0.001588;0.001009;0.025939;0.006874;0.024034;0.006732;0.017903;0.000485;0.003063;0.001291;0.003753;0.02541;0.00127;0.000571;0.017589;0.001001;0.005351;0.011559;0.009913;0.003148;0.001821;0.004379;0.004199;0.01607;0.005304;0.003536;0.005484;0.007429;0.02055;0.004678
T>G:TTA;0.001175;0.000412;0.004782;0.010262;0.004424;0.000215;0.001029;0.002653;0.000367;0.002187;0.000282;0.00115;0.000227;0.007884;0.001662;0.001344;0.002149;0.003778;0.000899;0.018738;0.000769;0.004338;0.002155;0.00227;0.002042;0.001625;0.006315;0.002538;0.006715;0.005453;0.000306;0.002766;0.000296;0.003771;0.001225;0.015699;0.011432;0.004585;0.000258;0.003019;0.001718;0.000712;0.002009;0.002197;0.002322;0.004354;0.001711;0.009219;0.002104;0.01386;0.00901;0.003456;0.010343;0.004019;0.003698;0.000055;0.035812;0.040277;0.000617;0.005232;0.000226;0.003402;0.002742;0.002083;0.035638;0.004364;0.003674;0.000187;0.003469;0.000457;0.000334;0.000447;0.002955;0.003306;0.005216;0.001417;0.002636;0.010297
T>G:TTC;0.000602;0.000049;0.001291;0.002713;0.001668;0.001154;0.000748;0.001181;0.000453;0.001286;0.000391;0.001363;0.000798;0.007072;0.00038;0.009475;0.001532;0.00972;0.013915;0.012919;0.0025;0.007908;0.000235;0.00501;0.000541;0.000942;0.008168;0.003869;0.0085;0.008838;0.002425;0.000104;0.003988;0.005218;0.002632;0.002725;0.000657;0.010339;0.01286;0.001501;0.008708;0.000248;0.010309;0.000639;0.000054;0.000608;0.001671;0.018544;0.004153;0.004897;0.000036;0.000825;0.004679;0.001149;0.008349;0.00033;0.003157;0.005008;0.03104;0.000105;0.003165;0.008207;0.007284;0.000266;0.007197;0.009871;0.002224;0.000925;0.002592;0.012274;0.002481;0.00379;0.002622;0.003879;0.000226;0.001077;0.002819;0.002934
T>G:TTG;0.005118;0.000213;0.005222;0.024689;0.000629;0.000799;0.000217;0.002756;0.000445;0.000518;0.000999;0.004073;0.000092;0.001161;0.020068;0.004783;0.000133;0.003964;0.001016;0.010776;0.000031;0.010839;0.002343;0.00319;0.006824;0.004042;0.001002;0.001733;0.007927;0.015279;0.002374;0.013784;0.00181;0.000108;0.023843;0.001085;0.001432;0.004298;0.000394;0.003234;0.000092;0.001036;0.005728;0.003583;0.001133;0.011535;0.004224;0.004547;0.010435;0.003985;0.010156;0.004949;0.001659;0.003573;0.000657;0.008722;0.016832;0.002584;0.014716;0.003134;0.038051;0.00079;0.000599;0.001969;0.003338;0.004905;0.001723;0.015058;0.002257;0.01807;0.009798;0.032585;0.01709;0.016933;0.00156;0.003845;0.000053;0.000954
T>G:TTT;0.000178;0.000438;0.002543;0.003495;0.004591;0.000369;0.064137;0.000067;0.009185;0.000905;0.016005;0.002782;0.010275;0.047655;0.000944;0.023906;0.001407;0.024718;0.027519;0.018929;0.009082;0.057552;0.004674;0.003486;0.00771;0.00115;0.010746;0.008513;0.004598;0.00067;0.009685;0.018197;0.012252;0.002246;0.017096;0.040454;0.073515;0.019229;0.000502;0.009042;0.002864;0.003234;0.009225;0.000796;0.013112;0.00896;0.006244;0.012646;0.015177;0.0268;0.002556;0.008033;0.006533;0.003202;0.003082;0.015215;0.006327;0.008036;0.003443;0.027182;0.015178;0.001798;0.0027;0.105293;0.03312;0.008558;0.061831;0.004908;0.003175;0.001425;0.014911;0.052605;0.048325;0.008703;0.003401;0.000492;0.008125;0.000382
