;SBS1;SBS2;SBS3;SBS4;SBS5;SBS6;SBS7a;SBS7b;SBS7c;SBS7d;SBS8;SBS9;SBS10a;SBS10b;SBS10c;SBS10d;SBS11;SBS12;SBS13;SBS14;SBS15;SBS16;SBS17a;SBS17b;SBS18;SBS19;SBS20;SBS21;SBS22;SBS23;SBS24;SBS25;SBS26;SBS27;SBS28;SBS29;SBS30;SBS31;SBS32;SBS33;SBS34;SBS35;SBS36;SBS37;SBS38;SBS39;SBS40;SBS41;SBS42;SBS43;SBS44;SBS45;SBS46;SBS47;SBS48;SBS49;SBS50;SBS51;SBS52;SBS53;SBS54;SBS55;SBS56;SBS57;SBS58;SBS59;SBS60;SBS84;SBS85;SBS86;SBS87;SBS88;SBS89;SBS90;SBS91;SBS92;SBS93;SBS94
0;0,106966768;0,003774277;0,741763964;0,470877621;0,604977968;0,209184786;0,032484241;0,094437537;0,261936641;0,277932588;0,564672143;0,519984025;0,023393256;0,050263863;0,259841268;0,077484929;0,142473068;0,411918762;0,155676649;0,186201401;0,174644297;0,247036516;0,31132454;0,186040076;0,251650524;0,150274774;0,291634732;0,294320475;0,40645183;0,145993454;0,369874405;0,670950612;0,404240442;0,188269942;0,126413634;0,310067112;0,177272438;0,275752073;0,285309235;0,112252273;0,203914214;0,444812032;0,153643064;0,474996184;0,226834333;0,633920194;0,611410796;0,394386453;0,323471351;0,318587653;0,367982361;0,249117309;0,470963499;0,286450634;0,044962138;0,216063553;0,265883459;0,369265779;0,071102544;0,313555132;0,293291256;0,311809107;0,06723559;0,256647728;0,27850325;0,129985487;0,183651223;0,267095691;0,402236359;0,382635994;0,313262148;0,268508963;0,673795677;0,221464187;0,056177734;0,475403125;0,506587345;0,545637841
1;0,156622354;0,009119761;0,669937519;0,486602305;0,60371718;0,2207729;0,036401096;0,082298909;0,239358405;0,289209747;0,559527652;0,535015896;0,0741923;0,139384061;0,346528473;0,156280335;0,123832065;0,440465541;0,093245178;0,314854378;0,167346459;0,306822743;0,176597873;0,236949525;0,335359235;0,125976251;0,353731697;0,374556965;0,451981111;0,113374442;0,3981245;0,65028497;0,438355814;0,352780545;0,155804694;0,383436849;0,13535558;0,271855019;0,286386327;0,321017899;0,262714249;0,460482328;0,258382802;0,489248968;0,254745536;0,506764872;0,587687103;0,417817251;0,329067496;0,31980454;0,406600063;0,288321265;0,435836885;0,404246319;0,192636563;0,149123906;0,26527223;0,400980813;0,181422955;0,215191478;0,253422403;0,238671476;0,155236639;0,298919893;0,289735753;0,116661308;0,120410853;0,238722065;0,460170488;0,21799705;0,35008972;0,344615885;0,635299607;0,302849465;0,211765639;0,494048656;0,489935302;0,532465808
2;0,211419861;0,005254353;0,743963252;0,61409323;0,600704967;0,294139801;0,026303331;0,081845557;0,212384233;0,176749064;0,537203108;0,422033095;0,046156329;0,05277215;0,318627126;0,111608609;0,111628693;0,354835702;0,434039379;0,449725088;0,260546621;0,327772476;0,065167132;0,16784253;0,424683894;0,14397396;0,58915211;0,237096725;0,314147221;0,147337166;0,410047455;0,644870144;0,340411542;0,217515404;0,100825891;0,4630776;0,18508563;0,279784421;0,243018575;0,179723858;0,154786558;0,523213228;0,316285449;0,385916562;0,482648608;0,669062658;0,658739675;0,433401046;0,336791994;0,176583696;0,532578398;0,516689602;0,320385401;0,202996177;0,053365846;0,243806704;0,190119675;0,254707743;0,140667052;0,390943854;0,245812312;0,159355958;0,138241609;0,25600069;0,285271952;0,166576238;0,10215543;0,260787459;0,27794793;0,496153253;0,35087506;0,261152881;0,702956875;0,181913396;0,089198577;0,573034646;0,52998811;0,659784235
3;0,069125966;0,00517647;0,38913626;0,141533753;0,472418207;0,432298581;0,121888253;0,359205441;0,068303151;0,125462877;0,152237145;0,187697876;0,025636237;0,05827742;0,122489326;0,039433733;0,788555542;0,089860824;0,028311248;0,100790182;0,346269021;0,091328537;0,036772068;0,031421989;0,127330388;0,495467954;0,251055661;0,105703527;0,053073698;0,789225955;0,26944108;0,251215599;0,102054399;0,088208335;0,034885329;0,103351485;0,552363133;0,440999782;0,812393837;0,057983729;0,037371625;0,295415686;0,073830591;0,117623697;0,044232676;0,189904152;0,377609217;0,134268999;0,773670851;0,036178572;0,510923174;0,039127014;0,163810905;0,064321958;0,016489544;0,013643257;0,093732153;0,108972954;0,040313105;0,069567998;0,075781868;0,038510117;0,02764951;0,168261047;0,15504309;0,037490531;0,013919562;0,720188686;0,074969558;0,085249704;0,106746188;0,04814993;0,364857578;0,027852363;0,039397539;0,380239742;0,155500423;0,30720908
4;0,222983049;0,004745041;0,531391262;0,291920974;0,592282723;0,457144934;0,064605268;0,151075607;0,476332194;0,468109806;0,380956214;0,608073951;0,076445078;0,148175915;0,362984026;0,19257985;0,395369169;0,373726015;0,042996225;0,286183871;0,433763158;0,21096572;0,169980611;0,267482735;0,293357309;0,289619001;0,401068871;0,347073241;0,11751862;0,401019212;0,332509326;0,454893799;0,378633735;0,100000606;0,412861471;0,273943578;0,311278403;0,220674987;0,509526625;0,135450329;0,163884399;0,256067679;0,236488237;0,474011403;0,167953363;0,334706776;0,598783733;0,556577209;0,548121798;0,107026683;0,600473345;0,205302212;0,404652508;0,181336681;0,046397576;0,063754954;0,172177122;0,23767595;0,228314422;0,120776593;0,16310705;0,135545777;0,178780235;0,534441715;0,237575205;0,114799372;0,06269423;0,555151393;0,449740815;0,140537568;0,275581434;0,436399978;0,403674262;0,203093802;0,174048879;0,442138566;0,551639911;0,477222278
5;0,26484861;0,004745704;0,748576028;0,537575385;0,608473383;0,297906461;0,042192948;0,127148383;0,312009818;0,215805837;0,594748023;0,462235527;0,031733767;0,055003162;0,279117355;0,084435545;0,214417545;0,3764513;0,091476243;0,319834561;0,249938552;0,296177492;0,138163461;0,085710475;0,359664774;0,16896377;0,434395477;0,222067736;0,40085247;0,195369247;0,35614353;0,622534349;0,344544961;0,280190315;0,114807779;0,401513756;0,188640994;0,338818828;0,358320812;0,248206284;0,170448373;0,530037349;0,23107049;0,456824132;0,354613507;0,63684541;0,621427825;0,420947837;0,351124563;0,176022612;0,409436324;0,380447001;0,36528924;0,278802143;0,184133208;0,256741641;0,277235279;0,260328645;0,123190327;0,322976544;0,275864528;0,140723052;0,093459518;0,329432958;0,264396439;0,099464424;0,04657427;0,296386539;0,371362391;0,348170162;0,407284453;0,31539239;0,638770168;0,279666148;0,155233719;0,501398806;0,519026544;0,629178412
6;0,008232679;0,000941635;0,184940855;0,101784824;0,208449342;0,015221889;0,00301038;0,010412154;0,079060211;0,099038367;0,115908711;0,581798678;0,30896498;0,114974268;0,435380697;0,278559599;0,010261497;0,126215054;0,026013488;0,183315421;0,03418749;0,118235793;0,095069876;0,820497833;0,210850104;0,01778007;0,044760767;0,064133773;0,014868165;0,006186157;0,094816938;0,170298828;0,15730611;0,017523803;0,524607077;0,090402893;0,017310002;0,043336973;0,037023472;0,058052177;0,011297297;0,06784168;0,238187442;0,253549338;0,051809282;0,127286661;0,340799749;0,2527198;0,07566687;0,045831033;0,084536506;0,068975197;0,120500491;0,052092732;0,005359575;0,010337987;0,042616234;0,046906428;0,070182919;0,02892709;0,072345014;0,054923898;0,293477291;0,229850108;0,089574773;0,058527074;0,032027128;0,027127937;0,10870705;0,040102738;0,044258097;0,202833525;0,141539722;0,03790274;0,067611839;0,118699765;0,375984225;0,096391476
7;0,072546585;0,015658821;0,763424305;0,389204651;0,676896236;0,247337933;0,148628326;0,462367434;0,334061091;0,285553624;0,492544107;0,496971215;0,048531328;0,108550133;0,300837426;0,149934363;0,42546334;0,338407454;0,191269127;0,13394131;0,201805483;0,262962964;0,163015897;0,178595491;0,274405639;0,541767828;0,263334684;0,268702154;0,268236698;0,590503379;0,372714057;0,582410139;0,348726089;0,224337922;0,176186789;0,276930625;0,439501646;0,6866225;0,453683927;0,207454016;0,258842568;0,531178399;0,192680058;0,36835527;0,09905617;0,564934445;0,710120811;0,444385603;0,504756052;0,210196152;0,398784657;0,136416094;0,42675325;0,298619915;0,091687322;0,088154157;0,223034858;0,353058063;0,173668897;0,154433663;0,270756548;0,171657171;0,119272601;0,317643834;0,313380576;0,118992248;0,091115339;0,452219687;0,389043526;0,367281424;0,248670039;0,268500897;0,598029283;0,268737775;0,163080931;0,621496452;0,462984893;0,528303239
8;0,113044055;0,004717462;0,727334937;0,365995031;0,718870768;0,185436759;0,021272862;0,061078795;0,274955512;0,187915161;0,507737854;0,551421865;0,058969837;0,057026811;0,318450074;0,142502245;0,107537769;0,589927026;0,179654182;0,172475677;0,178230148;0,545219164;0,195847405;0,188255181;0,2631236;0,107099811;0,196970617;0,310046923;0,363348328;0,107079792;0,331386923;0,632385969;0,609927102;0,198852785;0,105130595;0,291694535;0,110344713;0,248131709;0,237649524;0,349802412;0,16715768;0,33591252;0,200646931;0,608977424;0,086073774;0,624417365;0,63793671;0,444938066;0,307118271;0,28533177;0,381058089;0,114295522;0,474813833;0,271745097;0,122162251;0,097033378;0,298183571;0,336426911;0,152538126;0,137347731;0,503760309;0,223028449;0,122471329;0,382138421;0,393651575;0,126770035;0,141463784;0,218718848;0,424969955;0,368825751;0,250039224;0,394024187;0,657203424;0,201570396;0,165861419;0,644999519;0,568291808;0,420035985
9;0,020028271;0,001516962;0,217099511;0,373332835;0,22200268;0,055024572;0,005651619;0,016349805;0,057604138;0,134600066;0,317368226;0,267104402;0,91615976;0,178848143;0,859793083;0,752864924;0,034158427;0,134741917;0,069773581;0,719964303;0,10267789;0,114315111;0,02773455;0,032308361;0,607174649;0,025600341;0,313730966;0,161294803;0,012231909;0,035711265;0,204345105;0,272415645;0,144995256;0,038927002;0,063245634;0,323324392;0,030043477;0,086199544;0,093830587;0,068833931;0,019393501;0,244445007;0,75615119;0,155579095;0,22387875;0,116158909;0,324968465;0,101256154;0,217804768;0,029979272;0,278823322;0,353048731;0,155806735;0,027764463;0,005247145;0,053743859;0,040861175;0,044345546;0,150427658;0,039418564;0,067015803;0,030352451;0,851976542;0,11755128;0,110372875;0,1284126;0,009550463;0,068129678;0,106811489;0,066189423;0,050530587;0,124653796;0,232588503;0,012315694;0,164803565;0,200486823;0,13952389;0,206211797
10;0,368651599;0,001443591;0,210433725;0,238419407;0,295137496;0,612782081;0,019302269;0,034305146;0,03058364;0,051484674;0,235124127;0,217592709;0,610321131;0,157881877;0,586714663;0,491397275;0,16045802;0,079145332;0,055055635;0,418946428;0,784753574;0,082415803;0,017597427;0,042042508;0,470054802;0,13061025;0,233149895;0,087256968;0,026846122;0,240228033;0,326942409;0,278270045;0,098533298;0,069005485;0,015755229;0,308477541;0,124005898;0,076240105;0,191627658;0,065629174;0,050006812;0,17569451;0,504072343;0,100731394;0,112307275;0,144153401;0,261630128;0,149618009;0,415057919;0,035553554;0,481859147;0,174183964;0,104864969;0,04251997;0,009250421;0,038392623;0,088558224;0,065840388;0,102352829;0,059137711;0,095123349;0,049293907;0,537123036;0,085814437;0,109187766;0,150279626;0,012501921;0,331309035;0,05207137;0,100257212;0,114423127;0,080664014;0,21032857;0,014007326;0,115800593;0,203502314;0,164156448;0,23624096
11;0,077464189;0,001606597;0,298953304;0,107055677;0,271777524;0,10005703;0,010936266;0,032053546;0,182234887;0,126894059;0,157077069;0,631746891;0,024357789;0,087988751;0,255949702;0,066402723;0,039370023;0,191495086;0,05725942;0,069911318;0,098142497;0,106918636;0,358928341;0,923457165;0,120066257;0,05017917;0,110373538;0,097167661;0,076951483;0,045790398;0,126610922;0,256893224;0,24118635;0,046684378;0,493563354;0,102366434;0,059486487;0,103271017;0,079609603;0,06223811;0,05955557;0,130173883;0,073345094;0,302648665;0,06002163;0,213947887;0,356038591;0,328164685;0,103549379;0,149584786;0,1476787;0,051140458;0,302297433;0,150544751;0,018354597;0,021435856;0,104075703;0,136586068;0,055740893;0,056284078;0,114376183;0,076328447;0,055426588;0,290949292;0,151679;0,083415023;0,050840623;0,082081063;0,164258551;0,097227203;0,117491406;0,208588272;0,19622485;0,106524757;0,042969457;0,156996942;0,471101241;0,190877617
12;0,564366521;0,001751769;0,309880001;0,213594843;0,426978759;0,877661284;0,034485817;0,075684782;0,03620564;0,079171996;0,176960273;0,150269518;0,03912612;0,060241638;0,178067651;0,036416135;0,369292432;0,097828165;0,014623428;0,377221057;0,810277436;0,072325732;0,017380259;0,010968416;0,226608738;0,280968115;0,531813015;0,159312794;0,020372535;0,447408978;0,362876192;0,304807148;0,133407454;0,085083735;0,016584062;0,287962809;0,370400669;0,148527586;0,503289921;0,094050096;0,029994952;0,237337657;0,148739667;0,111027552;0,160252918;0,173734573;0,285160451;0,146225253;0,598264773;0,023032481;0,832545508;0,191141176;0,15693733;0,038392179;0,002875554;0,037773245;0,09945113;0,121290997;0,030704632;0,07375604;0,112165177;0,043796427;0,064276937;0,149835819;0,17275318;0,160519737;0,011305401;0,632537265;0,042514571;0,112977431;0,341218719;0,061021186;0,309266621;0,006106552;0,028888951;0,293033092;0,186530163;0,360978211
13;0,113488872;0,002893419;0,737398004;0,443862603;0,638432609;0,191912038;0,025559891;0,082291523;0,329477469;0,328789656;0,532663295;0,584129289;0,065733926;0,071758659;0,336832295;0,142646584;0,120118181;0,560987888;0,216043162;0,258192554;0,226954543;0,3384173;0,286573449;0,189769292;0,338271327;0,113029869;0,303426253;0,344675205;0,340711244;0,142265278;0,430191456;0,612144145;0,518617207;0,151340678;0,187781197;0,396537512;0,116828459;0,275255237;0,19804942;0,274386699;0,195509278;0,409404206;0,256508703;0,646420045;0,130183383;0,590393631;0,647683559;0,520127512;0,356865073;0,35350123;0,388287291;0,200826727;0,564594843;0,252521178;0,150440971;0,054905244;0,289661044;0,357291117;0,152388099;0,14429979;0,307560872;0,307976084;0,129846669;0,442977246;0,292390558;0,220221122;0,160011013;0,23865706;0,457085019;0,324924548;0,196357865;0,369181438;0,585151463;0,224019811;0,185487111;0,529966594;0,579042296;0,512520705
14;0,168463533;0,003516051;0,712382057;0,583513883;0,666840377;0,37709566;0,034471563;0,09169242;0,186628324;0,294584031;0,576244756;0,40908625;0,043453906;0,065231488;0,342209488;0,101346232;0,237198588;0,468226884;0,200934295;0,538828649;0,335982174;0,336961439;0,098210563;0,040636858;0,383575238;0,188097225;0,628045464;0,413947957;0,213305889;0,273979832;0,518401899;0,586471462;0,468774797;0,147466141;0,051037776;0,502384378;0,258659903;0,267278589;0,36243224;0,271325894;0,205762715;0,492318888;0,292244527;0,451477581;0,356830958;0,492639719;0,622021102;0,394087238;0,545661329;0,165272022;0,688924881;0,442022822;0,482785211;0,226160667;0,012360471;0,118492198;0,233063014;0,293005761;0,087315865;0,234856557;0,324973864;0,123505892;0,125119509;0,294099695;0,281673162;0,359603775;0,029519378;0,428815837;0,375349241;0,286239032;0,283593023;0,319284616;0,596709663;0,143030758;0,049708469;0,562939459;0,423698764;0,671801038
15;0,103486182;0,006243409;0,72787421;0,48231486;0,575992958;0,16171804;0,033176757;0,087819821;0,341809898;0,312020803;0,561881466;0,612948143;0,148206026;0,171769003;0,370855843;0,242363203;0,146108307;0,342762438;0,347265487;0,191698956;0,178375459;0,304907051;0,07739952;0,149710128;0,415744428;0,117477703;0,191157878;0,282669614;0,266149192;0,138362667;0,422222968;0,560294361;0,329876892;0,20679661;0,469852122;0,400550788;0,129704585;0,241311847;0,260041918;0,235445464;0,152984842;0,382552426;0,331675989;0,484884808;0,238278161;0,654492378;0,720122479;0,600023842;0,330140345;0,265286273;0,285707325;0,276390517;0,313912032;0,295378516;0,122578924;0,186563859;0,318084551;0,361872328;0,237358611;0,302231495;0,19240161;0,265988561;0,224991308;0,44674945;0,296779056;0,108481276;0,148432086;0,244183929;0,438240624;0,429309963;0,274182759;0,450565832;0,629771181;0,175189566;0,208504587;0,469610601;0,642630459;0,538309306
16;0,108987386;0,004318311;0,71090399;0,417518258;0,635205216;0,13982705;0,028465849;0,086837446;0,27674203;0,259954962;0,524554333;0,696876411;0,065762062;0,076611251;0,354275819;0,203500977;0,079847386;0,488464636;0,180921762;0,153100845;0,126207336;0,405813891;0,205322826;0,327625836;0,373274831;0,115063026;0,182133999;0,286699157;0,301558357;0,084542211;0,373313087;0,599731269;0,454204334;0,165189773;0,283364695;0,377145104;0,103254371;0,249573493;0,206776831;0,222900404;0,234299957;0,316255474;0,270557354;0,592087999;0,1293488;0,631705073;0,696946017;0,537415174;0,235389581;0,256880884;0,26260753;0,170029847;0,450578378;0,326547922;0,138118154;0,13092653;0,291498887;0,402698236;0,252124365;0,207343747;0,287078214;0,203759314;0,169432664;0,357894313;0,296703484;0,142022126;0,077278001;0,170341266;0,458809825;0,390103722;0,296813026;0,4349443;0,570791426;0,270199337;0,223562821;0,525863418;0,657780202;0,482710759
17;0,093162854;0,002226439;0,506442729;0,220037871;0,452895976;0,124938564;0,012513465;0,037907003;0,178746293;0,109915697;0,288250238;0,695850596;0,026266584;0,071786679;0,289902871;0,08381666;0,040542219;0,336623962;0,162325331;0,10818138;0,127613717;0,260514974;0,187202851;0,794316814;0,164421635;0,065651812;0,162857549;0,215578806;0,161503338;0,050726914;0,203844972;0,414768505;0,371461234;0,106378991;0,377814426;0,171201446;0,08546428;0,169934036;0,123507414;0,210749288;0,101354057;0,240392991;0,11488513;0,460741132;0,11456848;0,443122202;0,506826247;0,393115152;0,166592951;0,286979313;0,239098557;0,111333171;0,330681838;0,27218325;0,087810551;0,073836241;0,210467397;0,238906534;0,091885392;0,138957203;0,223800055;0,158608715;0,066888714;0,314920271;0,25825276;0,102213645;0,136843915;0,129781848;0,301043209;0,258258576;0,181718355;0,321608217;0,420087189;0,128106093;0,106824452;0,332200629;0,56505851;0,310741322
18;0,004349302;0,001671251;0,148995307;0,304341664;0,151065978;0,009151153;0,002669224;0,010214825;0,044541394;0,02298205;0,273549911;0,365198194;0,912856413;0,183549394;0,849814477;0,965956661;0,003321583;0,031837298;0,134656882;0,397525972;0,05415116;0,066672198;0,007487559;0,102462341;0,626569057;0,010874944;0,022734222;0,011787078;0,008541754;0,006426759;0,179389774;0,202056769;0,02982043;0,033155224;0,187037992;0,272195137;0,010062874;0,032244918;0,056979116;0,050875404;0,007846799;0,098770608;0,829153645;0,076420736;0,085401611;0,091646063;0,329816203;0,153376674;0,128248942;0,017934027;0,08668297;0,235796788;0,056642937;0,042297294;0,079250339;0,042506528;0,056001932;0,084022012;0,545436733;0,012916359;0,027136903;0,035462989;0,967373179;0,137807167;0,089929424;0,024212676;0,012314059;0,018616015;0,040257111;0,063282701;0,036350576;0,117073674;0,199900417;0,020317565;0,466456662;0,12880607;0,207804374;0,140233382
19;0,117495259;0,003272524;0,737813514;0,451699905;0,572575393;0,1479521;0,028523536;0,082839052;0,280708112;0,207345261;0,566807306;0,506060756;0,031718108;0,030385086;0,279366647;0,108103492;0,111906171;0,394753369;0,185742813;0,134459276;0,107075054;0,30079578;0,207561999;0,204582223;0,301481359;0,145003442;0,216534543;0,172798266;0,405533828;0,108890743;0,314777598;0,679500044;0,317209149;0,141997591;0,103341372;0,304317905;0,149399395;0,271509842;0,271033393;0,234179783;0,241570457;0,406712115;0,201207309;0,469752707;0,213867127;0,64687865;0,616031996;0,451734429;0,277162485;0,291644863;0,28573546;0,228682605;0,387196148;0,255409522;0,082898414;0,135159518;0,239842866;0,307038549;0,132404977;0,307312925;0,195223803;0,210406345;0,08653916;0,283310183;0,271774615;0,13046411;0,088572119;0,247039723;0,376763598;0,401814186;0,294645588;0,31548743;0,647899477;0,268036228;0,121529803;0,484772397;0,541631515;0,527667755
20;0,049973414;0,00258249;0,655463037;0,832761812;0,451112966;0,086872415;0,015916537;0,052145979;0,113598739;0,125003037;0,721351486;0,272763962;0,063895383;0,025765147;0,265450084;0,285326293;0,060509766;0,23991433;0,172946932;0,149435852;0,144387123;0,352068206;0,059289544;0,039501399;0,643823573;0,091635272;0,274899566;0,098165448;0,327983328;0,073822664;0,594403377;0,524406433;0,19291845;0,143792403;0,038984997;0,678292631;0,071698748;0,244071683;0,181559404;0,099604376;0,100324601;0,476366014;0,499366306;0,270359402;0,550080452;0,437137223;0,629089517;0,204848625;0,317995839;0,139591196;0,196139814;0,617744171;0,240157883;0,294514102;0,122670161;0,35781094;0,379914284;0,430653185;0,469847076;0,537216976;0,103023505;0,109415603;0,221715419;0,180532685;0,278859167;0,148996195;0,041288164;0,132418507;0,218948905;0,240565547;0,177420171;0,218469801;0,631660667;0,12580737;0,339706262;0,490148251;0,333999571;0,764620183
21;0,182027267;0,004719089;0,739293481;0,581638515;0,613191923;0,337272011;0,024425302;0,074935264;0,254321461;0,226754751;0,625838886;0,503748509;0,071034209;0,067371181;0,371118516;0,239615255;0,148386879;0,363384843;0,219101878;0,328382636;0,327170789;0,217059059;0,239361682;0,116071167;0,41932975;0,130757547;0,483235877;0,198500398;0,276469492;0,166611303;0,537394563;0,565001784;0,367543385;0,259809565;0,147626679;0,521785429;0,19528541;0,272636218;0,299144971;0,23572876;0,254262254;0,510900666;0,320135341;0,397811548;0,254828494;0,615900028;0,677881638;0,453670073;0,370814588;0,322451262;0,547594252;0,347938436;0,442695251;0,332629822;0,096586981;0,192496852;0,37099725;0,464022947;0,292229705;0,202370265;0,344351039;0,259249385;0,217743036;0,335323518;0,295363471;0,147515018;0,161392549;0,325497951;0,349441933;0,353645959;0,285371918;0,243513453;0,68795035;0,257612007;0,234293544;0,472888423;0,49610904;0,625997121
22;0,13388102;0,009043524;0,751604188;0,459151346;0,581331185;0,154638378;0,049339301;0,134313439;0,225583681;0,238760581;0,487850615;0,516894214;0,051476522;0,07677772;0,288033953;0,119098527;0,072156156;0,424097911;0,335014019;0,193643899;0,120287303;0,25385979;0,249182123;0,147625937;0,281204319;0,187454537;0,272891437;0,263741055;0,357198503;0,122251071;0,388433532;0,57749774;0,391229049;0,177556256;0,134142554;0,341927108;0,150534243;0,296298641;0,17744184;0,178934495;0,214765009;0,417549798;0,201948117;0,491494423;0,204098864;0,714125505;0,62875105;0,466751055;0,271588546;0,25737074;0,290608685;0,24810232;0,478946088;0,305362631;0,065713416;0,172161987;0,240489044;0,322916363;0,107950292;0,260641234;0,288619481;0,158351872;0,104014014;0,309432822;0,25484948;0,15971647;0,044993915;0,21745347;0,402923989;0,479512208;0,361672475;0,267419215;0,581882189;0,177513665;0,105120137;0,496501841;0,531007497;0,535380657
23;0,011735481;0,001788299;0,162553336;0,261029991;0,172744395;0,029063647;0,004175265;0,011369967;0,053977948;0,029035753;0,237809516;0,361611327;0,925821206;0,240080855;0,822864887;0,786508602;0,013041949;0,037976108;0,082905788;0,433642375;0,060729283;0,070657922;0,012556749;0,099444238;0,560032946;0,022988874;0,035033719;0,020349306;0,013116847;0,018705346;0,160222469;0,22154972;0,045226977;0,034230588;0,385307624;0,228856511;0,023819147;0,044788286;0,057687202;0,046326364;0,013414892;0,11226695;0,706214974;0,109054323;0,09346603;0,103311629;0,319901906;0,237651587;0,159942195;0,01996737;0,121535954;0,198972351;0,046592879;0,02970762;0,015792976;0,030910011;0,03800995;0,037566268;0,197378405;0,033790994;0,033363327;0,066800881;0,852795069;0,229660753;0,109658237;0,035260723;0,026018364;0,046307531;0,054950709;0,060343247;0,042972306;0,197849498;0,186573317;0,020830748;0,209781154;0,118557371;0,223308934;0,10933359
24;0,137157991;0,008980455;0,734378682;0,467553269;0,750939512;0,187337049;0,032787398;0,072233635;0,270788703;0,257849391;0,597894001;0,568658261;0,073127436;0,137966856;0,339980949;0,232972062;0,100246513;0,579877705;0,167628439;0,189592704;0,180418256;0,645636769;0,14677138;0,049761559;0,336456683;0,116562915;0,208893323;0,334852011;0,347375447;0,10107666;0,404284682;0,637310882;0,556957822;0,194678265;0,158752494;0,375718105;0,107767766;0,265467384;0,249579025;0,193563344;0,20691639;0,353857156;0,287546505;0,621822918;0,192118302;0,613339596;0,681597612;0,470196807;0,311715872;0,229469834;0,347026593;0,232228072;0,460470435;0,290100725;0,131010072;0,161391123;0,302618252;0,371150966;0,299691828;0,263612926;0,338797817;0,195570378;0,198667297;0,402468691;0,379479948;0,122516664;0,090755049;0,232344359;0,523618735;0,368009931;0,27616216;0,590045416;0,635309088;0,214858563;0,261043215;0,679960871;0,54783619;0,559943139
25;0,26392876;0,006973173;0,576563625;0,343842413;0,653394005;0,538416017;0,077894536;0,205937862;0,311876148;0,464873604;0,371118351;0,540257562;0,072414998;0,11992146;0,366506255;0,170927297;0,391205159;0,439885307;0,066989291;0,376781492;0,522852321;0,301750826;0,164521675;0,285358614;0,313677035;0,301353146;0,499984814;0,433767185;0,154180206;0,455468698;0,380494055;0,503867245;0,455359716;0,152621;0,191067581;0,313208882;0,368207398;0,291528444;0,463266752;0,173297426;0,129344769;0,345330368;0,252484791;0,512516809;0,229650132;0,358807354;0,583746142;0,425306111;0,632896919;0,12122596;0,661517115;0,257452811;0,471380603;0,178684013;0,042155337;0,090598974;0,16824371;0,236490315;0,19807388;0,170772849;0,195800306;0,094207426;0,167068566;0,403473221;0,272059597;0,143301216;0,047291354;0,491791197;0,397721393;0,177347947;0,326238657;0,337119632;0,453389289;0,155257391;0,152911236;0,552326926;0,509398968;0,518815613
26;0,01670301;0,001324258;0,224945649;0,276318966;0,253786117;0,03600685;0,004958547;0,016563544;0,087208083;0,106781923;0,277651071;0,407005627;0,944895256;0,224616308;0,865294144;0,797573884;0,026749577;0,149462099;0,080539254;0,461890776;0,063539892;0,148958238;0,051560243;0,128382305;0,573831185;0,025846279;0,053754148;0,109447945;0,028065832;0,022795862;0,169241869;0,276852574;0,144046358;0,038063756;0,308440892;0,234471125;0,029506171;0,062930055;0,089151337;0,088991058;0,027102993;0,123782969;0,715683868;0,210262961;0,099504487;0,140681779;0,371697514;0,246418308;0,175249136;0,056289103;0,156375929;0,202759536;0,129237077;0,054214605;0,015695223;0,032169365;0,0641573;0,059754314;0,18765098;0,041995292;0,074699361;0,082750894;0,864447915;0,221350966;0,139869516;0,029954664;0,040209117;0,054308771;0,12510006;0,070356536;0,060546583;0,246803942;0,235541925;0,038456764;0,202694985;0,195081398;0,266837605;0,148950321
27;0,081201023;0,0111019;0,670606445;0,614679341;0,507370619;0,136399797;0,02981793;0,08342495;0,161029985;0,100203859;0,551180377;0,250777683;0,030013797;0,0351649;0,212594443;0,086785043;0,085380226;0,254832159;0,668189415;0,265756917;0,124628743;0,289597362;0,129530334;0,036446919;0,441502513;0,123658417;0,364810782;0,11310932;0,176740226;0,095727584;0,476485213;0,496814268;0,254543114;0,176917511;0,02387866;0,533134902;0,160919904;0,262515913;0,239462801;0,158459269;0,080628436;0,485190927;0,315813714;0,244757037;0,400197363;0,589757566;0,628118896;0,325443746;0,295192137;0,104391656;0,320201144;0,434930771;0,287835155;0,205304982;0,044026757;0,1759268;0,336103859;0,307814338;0,116121293;0,335419209;0,240925517;0,085240569;0,089478981;0,203760522;0,326414036;0,164041105;0,042536676;0,164235405;0,172663569;0,450664333;0,189120427;0,143368929;0,675956384;0,101257067;0,107810066;0,54077586;0,38021756;0,622155749
28;0,016884053;0,000807351;0,209576404;0,169713623;0,252756108;0,02021171;0,003291129;0,014387718;0,121630115;0,112208992;0,176910646;0,525592679;0,656934789;0,256154281;0,652985334;0,541274399;0,015152206;0,152077647;0,04705052;0,316952519;0,043187176;0,153339804;0,044970152;0,197910576;0,385994726;0,020962779;0,038448928;0,086434215;0,015492822;0,008141307;0,11575662;0,229538589;0,165040649;0,025138951;0,731335738;0,148456695;0,035422419;0,063515819;0,060495714;0,061459335;0,01944842;0,084237631;0,469967228;0,295156289;0,06667517;0,141898776;0,37159591;0,448307508;0,111037327;0,034231832;0,1422307;0,123089679;0,113721099;0,042111374;0,005141835;0,016063617;0,036156794;0,051721128;0,090839915;0,035993632;0,066325425;0,112751418;0,60592655;0,496942816;0,162878794;0,028381966;0,045625648;0,043847926;0,170605144;0,057760621;0,056217107;0,420362327;0,179596898;0,029408431;0,110033347;0,158869324;0,385593686;0,113631413
29;0,650286798;0,001651423;0,231824022;0,117310772;0,35852465;0,865851151;0,029438557;0,0833575;0,068924526;0,102624081;0,131961001;0,179071941;0,037436538;0,05959919;0,174896924;0,034176815;0,197178837;0,16163309;0,020123431;0,147784644;0,95825575;0,08304333;0,061752215;0,01092266;0,165657515;0,171094141;0,299212116;0,191864538;0,051038531;0,310581002;0,2789886;0,285642565;0,207742241;0,091051206;0,016223671;0,198298202;0,196528259;0,142563669;0,231468441;0,087923867;0,133835253;0,161644402;0,08324199;0,171627682;0,088578199;0,173394057;0,197238657;0,223196015;0,387721998;0,051432781;0,577849854;0,085060975;0,198329795;0,08776555;0,010753617;0,030495097;0,085778387;0,124773001;0,030136095;0,095037215;0,179624947;0,06918292;0,038294227;0,156631725;0,126067195;0,046067363;0,026868898;0,357693264;0,134473443;0,122650302;0,342614568;0,113210466;0,185495749;0,044946143;0,02215057;0,248115462;0,201197805;0,308860911
30;0,106084897;0,004183574;0,708320015;0,366762644;0,69088571;0,148406287;0,025259264;0,072717565;0,270023536;0,330027158;0,484498903;0,515342934;0,041376149;0,064611819;0,33525323;0,133121274;0,114362417;0,686700502;0,235211794;0,19123702;0,121073955;0,342230255;0,198725358;0,102335734;0,248729931;0,085994131;0,230354492;0,496401771;0,291341593;0,101020812;0,341196041;0,620409668;0,702695749;0,190971927;0,092356789;0,309317964;0,132333121;0,240180379;0,247241601;0,441579971;0,221705538;0,33065424;0,193654649;0,625561431;0,12719833;0,598082966;0,620476483;0,48439743;0,292118095;0,212303976;0,411768111;0,146451025;0,572822951;0,309784639;0,156701405;0,09259201;0,274566261;0,360987125;0,16110818;0,194402591;0,568623633;0,132181345;0,106711458;0,4130083;0,303926086;0,157876674;0,046516848;0,212885914;0,506005524;0,348850183;0,269815007;0,339045651;0,585679007;0,17004928;0,186828989;0,598497216;0,546191328;0,456838202
31;0,038628493;0,001778733;0,159742892;0,25525371;0,18478215;0,090216757;0,008424097;0,014780055;0,030611027;0,076906822;0,240601172;0,237645454;0,976470568;0,188359928;0,833299281;0,78822393;0,050601907;0,095832087;0,075962023;0,461894242;0,126426888;0,053202126;0,020311051;0,019218964;0,563363774;0,050492563;0,045066539;0,116076705;0,012841378;0,063741586;0,176538381;0,238759063;0,094047268;0,042178628;0,025397123;0,227427902;0,029816354;0,044204104;0,103948725;0,058674349;0,010119359;0,109284861;0,713315101;0,098170945;0,073784089;0,09591365;0,26661408;0,080499519;0,223807624;0,038206115;0,172127593;0,182361866;0,106917476;0,030298132;0,008775219;0,021010009;0,049369275;0,032427846;0,141397358;0,017357131;0,055810456;0,034935952;0,853778227;0,063924895;0,087244393;0,020528962;0,014810176;0,110086803;0,061611275;0,061289274;0,042472502;0,066801523;0,191310938;0,011310761;0,174770254;0,147421191;0,111597564;0,107352598
32;0,118885669;0,013854446;0,745840425;0,453990889;0,552317701;0,167484518;0,039792141;0,082169673;0,260043702;0,178565736;0,562859009;0,501970491;0,066647923;0,153141941;0,305494275;0,203090288;0,120713727;0,294640763;0,256488329;0,172705453;0,141813691;0,226831714;0,135881579;0,186278114;0,378488433;0,107092519;0,219460742;0,199219492;0,323952395;0,104277318;0,360738768;0,594582619;0,273543366;0,218769483;0,17284065;0,366129414;0,120788237;0,228399958;0,26150683;0,120243654;0,230166367;0,388650646;0,286266084;0,430643379;0,216890807;0,733461305;0,664064029;0,446185744;0,275267838;0,38073305;0,279411661;0,246665937;0,322583443;0,297124137;0,116284253;0,191958683;0,29504009;0,378884096;0,269618792;0,291313423;0,187981096;0,307513181;0,170906172;0,259515509;0,244954617;0,107898763;0,196604873;0,240271748;0,363095004;0,503331672;0,30202186;0,265106638;0,664116007;0,24808641;0,223736932;0,410968955;0,531469511;0,498227128
33;0,010785018;0,001231472;0,162425477;0,189027222;0,179136145;0,031089665;0,004236102;0,012072807;0,076647588;0,032949859;0,175888072;0,46510639;0,732176207;0,264352206;0,68010683;0,605978107;0,017223978;0,041344025;0,055630394;0,344424271;0,059474087;0,076263698;0,011782781;0,166168914;0,427521546;0,026832668;0,032126523;0,025236803;0,008089565;0,023026694;0,125362878;0,19397861;0,057930583;0,02391177;0,671147887;0,165555181;0,033486547;0,046013165;0,048866313;0,036107236;0,006302276;0,091850645;0,531455106;0,162393696;0,069377202;0,110871317;0,326070997;0,377002758;0,137326939;0,016251077;0,119898235;0,142802554;0,037867395;0,025591877;0,004097721;0,016843025;0,028547961;0,024942907;0,113247577;0,02563427;0,026213958;0,096454302;0,673178736;0,366098663;0,118123584;0,023685138;0,038400221;0,056418986;0,072186362;0,053202755;0,043332925;0,309206256;0,158095395;0,025190275;0,13299177;0,095373404;0,327614372;0,085173877
34;0,258751512;0,418393805;0,640386615;0,389407805;0,75914972;0,458592178;0,575707551;0,666797396;0,31964466;0,318539737;0,404746803;0,562905163;0,318579834;0,483465484;0,535103111;0,334208704;0,626023465;0,309890784;0,11145299;0,353539788;0,411400901;0,259128249;0,135178216;0,199318145;0,438536245;0,617051217;0,360964942;0,246625995;0,130692853;0,629572737;0,356078903;0,560631667;0,310505055;0,155872402;0,328433172;0,322870919;0,708592371;0,604430774;0,582060483;0,161945768;0,13815998;0,4609722;0,394977016;0,392581949;0,19022784;0,377862125;0,788644135;0,48961139;0,602462818;0,103558134;0,496436611;0,227768339;0,407869464;0,286750447;0,035700252;0,069782744;0,383650737;0,268682207;0,164991408;0,169400236;0,167645153;0,149585002;0,340000154;0,496278789;0,490257144;0,110920944;0,057018828;0,50027618;0,354412993;0,225798106;0,334309973;0,332919985;0,512196861;0,140652407;0,178239879;0,651725212;0,524707538;0,554012578
35;0,106760437;0,292256887;0,179300253;0,241769357;0,292650488;0,112321944;0,203213707;0,235154923;0,049141834;0,140981747;0,220727664;0,269501852;0,744386801;0,654859044;0,706484156;0,664640192;0,21312009;0,11126325;0,074910025;0,377534066;0,090664148;0,122185912;0,009181853;0,066848935;0,483138567;0,124775988;0,066660341;0,097429456;0,008651658;0,06768972;0,15112802;0,278750947;0,103288679;0,049130434;0,11805079;0,229521397;0,136773451;0,096696725;0,221173515;0,071733955;0,016180293;0,117365906;0,602857859;0,137932894;0,09084837;0,109415001;0,352866267;0,164245689;0,173757793;0,0178734;0,136580662;0,179858478;0,096542334;0,191823949;0,023745509;0,026228731;0,218629241;0,151290337;0,222368626;0,04071127;0,045164252;0,080632059;0,68865933;0,202943503;0,497745144;0,033823746;0,013204836;0,073704983;0,165034139;0,101176595;0,150754867;0,120170456;0,202147329;0,016396115;0,211369029;0,23149796;0,210746364;0,163694417
36;0,139139243;0,001495034;0,491510478;0,160612241;0,638777587;0,276241804;0,020872295;0,05895796;0,204949164;0,511850079;0,243318316;0,414799789;0,02581048;0,063134802;0,30848845;0,064222647;0,133464954;0,842523315;0,026748494;0,190211584;0,260208764;0,430310187;0,184755477;0,030294892;0,128020313;0,116639069;0,30583468;0,813562976;0,12620856;0,187831913;0,190240784;0,487483504;0,824780963;0,125764239;0,024780095;0,128385972;0,126358112;0,177352462;0,18311699;0,364391894;0,150422526;0,150799445;0,091027426;0,722909196;0,087478809;0,290932052;0,40610892;0,411471521;0,354336383;0,115037305;0,549086118;0,091428221;0,595942213;0,164995602;0,012126591;0,020893852;0,098318357;0,213752094;0,045383204;0,104488319;0,384923924;0,076278517;0,061561214;0,36518498;0,26884756;0,056215096;0,019263139;0,279447769;0,523316704;0,129303806;0,208815435;0,412198426;0,308430818;0,067671395;0,026676186;0,628373073;0,525161754;0,334834886
37;0,087948247;0,004296463;0,651981385;0,354820694;0,632153513;0,18419816;0,019124358;0,052970987;0,365324951;0,294850017;0,493836998;0,703654705;0,234849416;0,166911499;0,452813456;0,250244011;0,113798763;0,463847562;0,116693309;0,266207422;0,169143725;0,365264517;0,147902596;0,306235915;0,345004692;0,110202032;0,218898502;0,315890841;0,29013811;0,100984955;0,369880945;0,567615323;0,427367676;0,182042265;0,563023037;0,316326748;0,152255997;0,22378958;0,260836834;0,195745779;0,132541349;0,321356783;0,283646732;0,613043327;0,153030038;0,509778637;0,686619066;0,618250327;0,276297211;0,230038426;0,384180133;0,16183757;0,40629543;0,236162535;0,019654526;0,056163703;0,243526813;0,278746677;0,096747679;0,192756053;0,223440202;0,216204234;0,264064223;0,509827604;0,330817777;0,160695869;0,100945754;0,255115729;0,455515599;0,261012999;0,21586832;0,580573163;0,557014128;0,197824457;0,084481596;0,458576406;0,677860284;0,430880691
38;0,195640316;0,052890873;0,114134985;0,209297113;0,205655899;0,19359454;0,108392983;0,112616151;0,024283467;0,0184283;0,192175515;0,226496868;0,797861936;0,709213322;0,710960102;0,685111445;0,027740616;0,027538757;0,07185724;0,37094889;0,175897184;0,052021187;0,005096895;0,04507895;0,506090003;0,031825899;0,036596185;0,022467981;0,006600727;0,037209003;0,149222332;0,24052894;0,036450065;0,039036377;0,107012742;0,23287821;0,053768783;0,050761663;0,086426579;0,0413719;0,016641497;0,085096235;0,610733446;0,060362914;0,066678617;0,088893531;0,230949305;0,115431986;0,145280723;0,014130312;0,123095227;0,15719061;0,047026434;0,030517827;0,019572275;0,020940006;0,045207795;0,051972284;0,183491341;0,028551732;0,031902464;0,042297561;0,725420087;0,098275297;0,096177583;0,020219716;0,013546738;0,047371275;0,033269372;0,0836404;0,178411934;0,100263071;0,154950464;0,01024248;0,192821358;0,113939437;0,145598677;0,108568122
39;0,024171253;0,002237628;0,156716371;0,255800115;0,17545071;0,02854924;0,0049644;0,012699324;0,063838941;0,05065462;0,244825404;0,328623275;0,971796576;0,214242913;0,854157064;0,816039072;0,018661683;0,053649009;0,08152544;0,453457401;0,050151814;0,080277186;0,019932426;0,077449609;0,56804406;0,017710738;0,03229273;0,031110958;0,013726603;0,015123168;0,147835424;0,227432759;0,059839245;0,034143942;0,230376077;0,219096849;0,020431968;0,042401515;0,072913693;0,049978926;0,022134011;0,104614723;0,722846656;0,11792631;0,086582791;0,10072614;0,311491835;0,168753338;0,152497439;0,024384411;0,119559155;0,193377949;0,061097212;0,03478999;0,015801502;0,026671257;0,038503825;0,038883077;0,189672291;0,024938732;0,044600553;0,054346634;0,881625237;0,158462587;0,105702317;0,014118274;0,018715381;0,034271175;0,071586288;0,058732477;0,051906542;0,157494445;0,191095244;0,02429301;0,20778658;0,129857725;0,176818206;0,109208345
40;0,131570866;0,002066143;0,505358634;0,412343563;0,630464255;0,356850151;0,018705949;0,046989235;0,116700484;0,209536238;0,351550029;0,304344151;0,03751817;0,056380147;0,328516495;0,076924761;0,16749307;0,545047974;0,032551183;0,558132596;0,307907894;0,334942233;0,118582055;0,01889933;0,24665973;0,162432127;0,734435398;0,502594962;0,097047548;0,176189267;0,284538384;0,4564856;0,633762808;0,097191055;0,022223932;0,307036654;0,232864256;0,21641394;0,356583832;0,296015936;0,14018586;0,351830789;0,209462294;0,405163609;0,307770741;0,291156659;0,462423334;0,270816143;0,362931582;0,088513044;0,802260485;0,390781752;0,483416527;0,12606301;0,010461183;0,082613159;0,114825216;0,194623291;0,057988644;0,114975006;0,539514957;0,057663112;0,131815413;0,227911649;0,293136712;0,124100603;0,013265766;0,347267303;0,24638119;0,115142462;0,176417951;0,209251067;0,464612702;0,071333788;0,039547494;0,563551686;0,32471965;0,451003324
41;0,260520533;0,016356969;0,659260902;0,407875301;0,661833604;0,323975853;0,091165124;0,217822681;0,449648295;0,461660367;0,514783427;0,680891993;0,080217579;0,277997853;0,419888635;0,168983823;0,242559778;0,42534595;0,144841012;0,380144888;0,249495373;0,304142016;0,206862452;0,353251651;0,308716214;0,275862579;0,446153304;0,361397279;0,239896394;0,285204847;0,305538228;0,606133916;0,456866841;0,189994534;0,460680138;0,309832991;0,260552516;0,390060506;0,377818881;0,176265132;0,248471116;0,436953266;0,239683821;0,544025646;0,252197327;0,47018821;0,697881443;0,586848406;0,370070228;0,183850757;0,499640783;0,288426315;0,507876801;0,288858979;0,05130381;0,113044545;0,222206399;0,35137347;0,16339582;0,185335941;0,243054497;0,186854492;0,182248508;0,550949161;0,310340768;0,080828801;0,087775906;0,325451357;0,548639464;0,244211238;0,378265054;0,518242241;0,543695399;0,272039839;0,123398521;0,521849835;0,586340222;0,564768037
42;0,171886303;0,012553488;0,555040862;0,216958178;0,637468049;0,43544771;0,132718881;0,334530512;0,392398173;0,310137868;0,288177415;0,593576759;0,061291756;0,255961405;0,287976069;0,106606782;0,435346346;0,351582341;0,037509261;0,142764965;0,401104701;0,273975677;0,123043764;0,133581293;0,224035675;0,478835094;0,25664426;0,265750775;0,116084893;0,562271758;0,317364416;0,4320047;0,323750999;0,122353773;0,525850605;0,204309577;0,455035613;0,394197473;0,46148195;0,117757075;0,143699691;0,273032905;0,14393844;0,466258808;0,072134382;0,349678163;0,605133898;0,616196302;0,605373507;0,110699951;0,501983285;0,076498734;0,351812939;0,137955335;0,039919961;0,039972237;0,14456855;0,189380679;0,085993808;0,123342117;0,141533404;0,159794136;0,100447094;0,556872518;0,258336434;0,100358464;0,068576212;0,555498146;0,367011531;0,154443316;0,259313117;0,486915961;0,384846374;0,155675031;0,098398946;0,522961036;0,591386887;0,412545985
43;0,019450783;0,001990771;0,229328844;0,165911352;0,268140126;0,031376561;0,005921296;0,019381255;0,134923631;0,210453102;0,172622628;0,547072961;0,554563042;0,267938284;0,59772047;0,475523288;0,015150161;0,218562214;0,044243991;0,301856364;0,065092863;0,114231192;0,036306321;0,224643586;0,346161171;0,023398908;0,071798072;0,253951271;0,01288514;0,011918342;0,118797878;0,245671227;0,244673748;0,025124376;0,784590944;0,144892236;0,03871279;0,071278752;0,067782072;0,106465995;0,018957079;0,092879965;0,415478221;0,333332023;0,074350914;0,155340445;0,377417363;0,478228169;0,113167387;0,038359457;0,176268438;0,127095014;0,187546943;0,043382128;0,006896951;0,017069264;0,044397371;0,054188264;0,106701499;0,038853938;0,089363961;0,125074599;0,530921004;0,518420141;0,152992318;0,025558616;0,048816782;0,048490791;0,205485418;0,063642507;0,063195533;0,408354551;0,178029865;0,033378924;0,112028888;0,166641243;0,409514474;0,124353114
44;0,528228406;0,025493033;0,430592484;0,278786077;0,526594125;0,652994933;0,07315612;0,103946834;0,136266553;0,145029377;0,294171028;0,381630186;0,074327731;0,404842705;0,282755923;0,10990975;0,122938095;0,364010169;0,091778051;0,253716193;0,713724274;0,231680617;0,0720175;0,063032319;0,281095574;0,115985914;0,334644369;0,435055747;0,134240596;0,166561759;0,345842529;0,449966912;0,420060276;0,103111124;0,241576739;0,323463828;0,137750393;0,174122066;0,234799962;0,233687918;0,111749793;0,256576977;0,189780668;0,388292018;0,158322731;0,355241972;0,397996466;0,39624587;0,299902257;0,12214017;0,502123713;0,19217287;0,333084114;0,127533921;0,027198228;0,066500839;0,153399295;0,162521632;0,091956169;0,148785041;0,275965569;0,138040544;0,114791365;0,272034271;0,196814638;0,118213475;0,066166855;0,248481569;0,23148269;0,213813762;0,413663134;0,274877973;0,336556069;0,092068944;0,072389328;0,394539761;0,429989085;0,407918863
45;0,139704824;0,001935069;0,391271102;0,170868521;0,359756077;0,183358347;0,012340706;0,037284825;0,202595956;0,132939257;0,241088568;0,548445786;0,015102399;0,036083099;0,24659475;0,047757916;0,049062326;0,326331415;0,053953953;0,090431688;0,184160489;0,177416833;0,670909736;0,688814613;0,14200249;0,049416982;0,152203196;0,172854049;0,134092794;0,063931055;0,189842506;0,34126648;0,379218086;0,075274762;0,172362469;0,155416319;0,075586442;0,151252534;0,101181193;0,09441561;0,069484954;0,197723114;0,082277123;0,403576737;0,097276859;0,266300007;0,372719994;0,224653322;0,154315087;0,157643672;0,219605012;0,086601875;0,509789018;0,153012322;0,009030648;0,049785354;0,117661215;0,171702943;0,034934071;0,112375666;0,199400039;0,065354735;0,028577461;0,230021569;0,210620855;0,119260301;0,04015238;0,104719428;0,209300873;0,131279916;0,182705825;0,149369567;0,263715943;0,122761657;0,020662615;0,253994263;0,392032329;0,298439438
46;0,127563632;0,006878068;0,725603738;0,501917192;0,677225982;0,348295806;0,060988729;0,168674379;0,188542268;0,330633507;0,498726828;0,492838483;0,073012418;0,09857063;0,321312845;0,179028374;0,242891528;0,450854314;0,186889295;0,327088803;0,380032659;0,303803525;0,176685311;0,09267138;0,373884674;0,273293186;0,388658142;0,392391476;0,285379353;0,324038858;0,513753421;0,595541403;0,479900192;0,236241785;0,182412196;0,426031104;0,286138042;0,34587572;0,345530917;0,189119105;0,125877212;0,459817863;0,30035273;0,547497692;0,270085221;0,58224283;0,668679733;0,391342078;0,521659262;0,234121419;0,550049556;0,314076649;0,537068726;0,242943241;0,14948348;0,242724384;0,24242842;0,311672191;0,241317573;0,290232304;0,294321082;0,163345056;0,162460394;0,415825839;0,323384525;0,244574369;0,050237348;0,423886732;0,38626202;0,343186414;0,239875672;0,313552992;0,623215926;0,149570518;0,215088489;0,564336442;0,43459731;0,570284174
47;0,159735479;0,005471146;0,68141994;0,451617931;0,571976329;0,16921359;0,031176979;0,097698287;0,345469304;0,268983775;0,575503837;0,507756631;0,03826366;0,05413161;0,284994865;0,13344397;0,097108704;0,427553377;0,212165379;0,150860885;0,150861892;0,328660689;0,126855643;0,098564548;0,291537215;0,102387415;0,183231084;0,252016245;0,666311271;0,098041669;0,327657063;0,755897632;0,387263995;0,449547871;0,122717847;0,306438173;0,134784029;0,28099775;0,21187979;0,161186573;0,368708031;0,447393745;0,217160586;0,469039841;0,16369237;0,569149443;0,577133928;0,518318037;0,277452199;0,222614967;0,277448159;0,179787398;0,386925377;0,400646881;0,061790893;0,144447956;0,212551362;0,386951351;0,162461955;0,239909208;0,227492383;0,20144203;0,115570194;0,347950048;0,296326199;0,155844599;0,109567736;0,160994619;0,53227312;0,31296985;0,296926906;0,380214829;0,689135675;0,395613802;0,13064358;0,53984495;0,548500585;0,481372273
48;0,245403577;0,047179083;0,184309027;0,192070609;0,307274852;0,311797191;0,101926523;0,110579083;0,043896028;0,112387351;0,180269778;0,347348614;0,731879673;0,688952343;0,690857718;0,602656797;0,085575856;0,132859851;0,05799735;0,360311083;0,320434124;0,116769758;0,010762495;0,09038478;0,466110972;0,090110427;0,08135499;0,187068511;0,012694699;0,123180272;0,184964604;0,29290572;0,161280079;0,047010015;0,327811622;0,221235021;0,089235438;0,074643649;0,138091755;0,066486359;0,011981837;0,09719324;0,541909622;0,185268063;0,069911505;0,134119518;0,299706775;0,253861137;0,261869371;0,019398889;0,252341047;0,141151564;0,125186894;0,032080888;0,004841978;0,016757739;0,054931716;0,047961207;0,120383726;0,047187231;0,059592902;0,072984103;0,651186913;0,226310262;0,140438517;0,02458409;0,022699864;0,181661613;0,092737159;0,09906015;0,19904639;0,218655656;0,177881333;0,015126506;0,137517931;0,198669185;0,267681205;0,144366486
49;0,438639962;0,006267569;0,67091397;0,388444202;0,567262262;0,410697171;0,029485927;0,086514656;0,288447604;0,186538479;0,531749311;0,4913868;0,046923294;0,079839333;0,283080176;0,157715258;0,093321452;0,300854623;0,279834233;0,203165942;0,346113834;0,311827214;0,091009312;0,081505027;0,351679477;0,120211779;0,199793584;0,189755891;0,339177041;0,124685759;0,412690692;0,600362017;0,262778924;0,1747501;0,128538952;0,413607734;0,146871525;0,253928156;0,228389107;0,221622716;0,264040228;0,41177917;0,238722074;0,435467115;0,176987653;0,679465864;0,594318591;0,503160221;0,243641102;0,259951287;0,321939155;0,179534097;0,325293703;0,281823427;0,086892748;0,16142645;0,247310805;0,272393391;0,19315448;0,235833965;0,182720878;0,22521162;0,130772837;0,259912966;0,251428143;0,260637688;0,141746071;0,240448205;0,363389852;0,477432491;0,51799548;0,353133308;0,599997146;0,302408947;0,156775166;0,449563276;0,530237009;0,53638185
50;0,153124202;0,002957684;0,73652495;0,520021209;0,600684946;0,340488004;0,025661255;0,073467898;0,206294011;0,209885425;0,600555783;0,470707193;0,041541799;0,056646843;0,307562591;0,11199757;0,127328956;0,350445817;0,180628746;0,336581699;0,35729739;0,259676114;0,179100203;0,170478;0,348506717;0,141453298;0,442514704;0,29523179;0,32047621;0,18123219;0,449034366;0,630272538;0,355816516;0,220402415;0,084933294;0,424596955;0,202276689;0,258616528;0,268819937;0,255973382;0,18147463;0,481894772;0,254144895;0,423624702;0,194651832;0,616032248;0,626724953;0,348584997;0,438236559;0,290740284;0,53670751;0,280711605;0,395098863;0,28660468;0,093094451;0,100787151;0,31664873;0,379755927;0,132661987;0,151462976;0,225343427;0,215268987;0,119796983;0,259058773;0,310602491;0,175027388;0,129198891;0,351591436;0,352325708;0,381575593;0,268854696;0,285032717;0,680185037;0,150621353;0,137696586;0,472853957;0,453062377;0,542325702
51;0,005946044;0,001124927;0,211051558;0,235883438;0,226263317;0,018079952;0,003900708;0,013769073;0,118464233;0,0764335;0,235146002;0,526375991;0,756167498;0,24998138;0,741889537;0,660860205;0,013437681;0,100961372;0,065922754;0,423460697;0,053084001;0,117364167;0,046368607;0,202659063;0,473879539;0,021120417;0,085002005;0,057969003;0,016608665;0,010148113;0,150965692;0,227063453;0,11023569;0,028168785;0,649259142;0,209092451;0,028885252;0,062824755;0,060653442;0,053304437;0,013225958;0,129083561;0,58739304;0,242680487;0,096709374;0,14273554;0,401240256;0,387203496;0,132862801;0,034412447;0,149471298;0,182857579;0,08699435;0,043102369;0,017394102;0,025508723;0,054214742;0,054975113;0,178579308;0,02657951;0,046074205;0,096496537;0,724292747;0,376374842;0,135574096;0,049890761;0,043329569;0,045234639;0,118032842;0,06159386;0,052433384;0,328574907;0,203327137;0,041006773;0,180062498;0,14593198;0,373266736;0,132078984
52;0,168719738;0,0023981;0,647401891;0,394248945;0,753155503;0,300058082;0,023580848;0,067781553;0,297714587;0,218278161;0,420711879;0,541376813;0,057063493;0,052391545;0,387146928;0,122187247;0,098851304;0,705711255;0,038894888;0,338495979;0,296525508;0,543278856;0,328833026;0,100876162;0,282612073;0,133689723;0,493614012;0,393576822;0,247478138;0,150187663;0,328516971;0,612138443;0,773917772;0,151567861;0,06601402;0,309300606;0,142349029;0,255095543;0,184988853;0,417007397;0,227942649;0,329141682;0,213455386;0,63003392;0,262770501;0,45754351;0,581208825;0,446627261;0,347383102;0,189327753;0,616534547;0,28478348;0,635588741;0,249810374;0,014240806;0,100677741;0,154189759;0,275488271;0,095557569;0,231120581;0,685962893;0,110783015;0,130666833;0,424547064;0,363125849;0,131904106;0,045400102;0,276743511;0,458192181;0,221360144;0,253356065;0,440733623;0,496580938;0,197436817;0,058468863;0,673368523;0,48154795;0,506788335
53;0,1198403;0,004812026;0,666153293;0,486154561;0,522350725;0,133678536;0,02849219;0,080524656;0,153702481;0,132215973;0,564562141;0,450896667;0,023222555;0,046928244;0,207885042;0,081006921;0,088435461;0,305518057;0,100558511;0,155627882;0,106720699;0,280831842;0,180333535;0,067532374;0,329231598;0,118295452;0,196188729;0,162441741;0,560146401;0,099168097;0,407228472;0,668669745;0,298592548;0,268178294;0,075519208;0,411271285;0,120532206;0,270812096;0,228102312;0,189702108;0,211310265;0,417346391;0,18556306;0,410742063;0,179705504;0,594045287;0,554361383;0,326754934;0,264366708;0,274300834;0,227877055;0,183395045;0,346554893;0,324477195;0,161585962;0,20889083;0,295668176;0,37848439;0,102043392;0,235809468;0,237294752;0,203816424;0,069475492;0,205902032;0,289559286;0,16742611;0,116037157;0,193601911;0,302364888;0,335454379;0,293520268;0,235637417;0,647787547;0,26842328;0,136179514;0,438224049;0,427474234;0,452203193
54;0,009681694;0,000974197;0,173984566;0,194886673;0,195354407;0,020964582;0,003010515;0,011372991;0,087439632;0,041485764;0,187524519;0,492848458;0,713127453;0,258961434;0,68225819;0,626450459;0,011069349;0,057838948;0,064841601;0,329774367;0,051031406;0,097671324;0,023229604;0,181951755;0,434466138;0,022406464;0,025622541;0,031663191;0,012654302;0,013322482;0,132521028;0,201047714;0,077829417;0,025275966;0,706390929;0,175114262;0,031749754;0,049890085;0,048731254;0,050320618;0,009566182;0,091199367;0,542588427;0,190605606;0,065455805;0,121792905;0,35506167;0,391105141;0,121359044;0,022932461;0,11288588;0,143084725;0,056105952;0,032898719;0,018717666;0,019323709;0,034070576;0,040973187;0,176820839;0,025204487;0,040094018;0,101578305;0,682346504;0,383836233;0,13053583;0,03098846;0,042991825;0,044737963;0,084966244;0,057180718;0,04692214;0,326927136;0,169094434;0,030042078;0,179268258;0,112439084;0,345039453;0,096075042
55;0,021940335;0,001339769;0,18442948;0,223407336;0,20252058;0,043516741;0,004760723;0,013155807;0,065755888;0,034537627;0,213451943;0,434087198;0,83166795;0,258207993;0,75927848;0,681684419;0,021130257;0,066587844;0,064489788;0,392897454;0,070607958;0,087686593;0,030913197;0,166777078;0,493264284;0,029602598;0,032216491;0,051636913;0,023835756;0,026184323;0,158432364;0,233224734;0,083854679;0,036652651;0,543289912;0,205703079;0,034467122;0,053809088;0,064928187;0,054195555;0,018453264;0,10685602;0,606835207;0,163859607;0,077266864;0,1241917;0,337277479;0,318688007;0,157149985;0,034373721;0,134433104;0,158507275;0,073171839;0,043454636;0,012599531;0,021111056;0,038418955;0,041956908;0,123676807;0,033785364;0,048419561;0,089874134;0,752030987;0,306610048;0,129315306;0,057032199;0,035615159;0,061121851;0,078072692;0,064324644;0,056806219;0,261707067;0,185201078;0,035376965;0,150852841;0,125276527;0,288771414;0,104845004
56;0,021459509;0,001000739;0,236982839;0,283565187;0,268608839;0,028207626;0,003323855;0,015413546;0,111989555;0,144045553;0,271628293;0,498474178;0,791818165;0,250834284;0,796804572;0,703446871;0,007189578;0,172158026;0,071941376;0,501279775;0,067129644;0,164571004;0,031021499;0,158240871;0,512810949;0,018002753;0,168903089;0,123229428;0,014907373;0,009039303;0,158753329;0,267921051;0,17701533;0,031240772;0,562580701;0,238886594;0,027036725;0,081332507;0,06026356;0,115857697;0,024019355;0,163859673;0,638989123;0,267775149;0,138348567;0,146913633;0,39470122;0,38102869;0,145312343;0,033474097;0,208093247;0,24104984;0,151889578;0,049991604;0,021384579;0,035857308;0,072809094;0,068150901;0,209050343;0,031822496;0,083805028;0,093265286;0,776499568;0,426669056;0,15782164;0,033863423;0,034520938;0,044909347;0,176690689;0,068235468;0,062127047;0,377802563;0,225254442;0,026196245;0,202472995;0,191878593;0,34443287;0,174503125
57;0,275736111;0,005718245;0,584311812;0,329664632;0,64614694;0,52708668;0,071964439;0,175716814;0,446827766;0,43730545;0,40527607;0,601896705;0,063396427;0,145266427;0,356569221;0,134717472;0,424287106;0,395627736;0,032337379;0,334247145;0,472331701;0,237777553;0,204576447;0,28813815;0,298049459;0,308217821;0,46008162;0,358973401;0,146171117;0,443745381;0,37566618;0,502300068;0,40475544;0,12953228;0,369672806;0,304113703;0,370369127;0,258708957;0,541712684;0,166407595;0,162998634;0,312856882;0,215962252;0,485005683;0,210929083;0,361566802;0,622462;0,536719778;0,619725355;0,121277139;0,659807297;0,235000756;0,446794022;0,191164656;0,04005141;0,078277171;0,181153586;0,247967779;0,141006993;0,167847058;0,195404917;0,12431269;0,135956838;0,486553134;0,262419514;0,139616559;0,058635596;0,574810692;0,426498892;0,159878711;0,338943101;0,411742554;0,454661368;0,206970934;0,114691098;0,49072391;0,567655222;0,527781673
58;0,174336554;0,007974295;0,737878219;0,493370459;0,569116508;0,253067231;0,03663523;0,096805157;0,276716218;0,146507333;0,583627161;0,407950376;0,030361165;0,089574503;0,230172434;0,09947735;0,143526349;0,305225329;0,098984743;0,171416608;0,18850246;0,256444165;0,143622616;0,084761743;0,371711922;0,142849424;0,245771241;0,159202541;0,299749342;0,171739771;0,467844681;0,548942775;0,28292275;0,210393886;0,093496155;0,454078252;0,161107883;0,262347519;0,26064045;0,118061914;0,12154107;0,382072854;0,225264759;0,419616193;0,224329341;0,661470552;0,621980522;0,339370737;0,353187693;0,306154468;0,340734359;0,245246357;0,319996991;0,253908862;0,200562716;0,240932024;0,337965277;0,387397042;0,148890153;0,288669193;0,225812806;0,279055738;0,07666095;0,258566238;0,271497175;0,163985904;0,146551617;0,30387078;0,331485054;0,405998903;0,339838414;0,271336377;0,597417667;0,14526231;0,181863051;0,435197782;0,482695488;0,537381363
59;0,091381141;0,007763163;0,654202138;0,461899372;0,553411799;0,162106544;0,036830587;0,094722741;0,186064801;0,325658966;0,532332337;0,505394262;0,093106992;0,094839461;0,364738154;0,210004374;0,113917072;0,392758295;0,070273519;0,321609148;0,199809995;0,241496402;0,106393642;0,146692076;0,35525485;0,13693306;0,336486063;0,349210122;0,223616765;0,116513105;0,379560332;0,519818584;0,40724451;0,138510712;0,118109419;0,400782913;0,108622324;0,253664274;0,257052428;0,311742182;0,21872654;0,392491587;0,298663569;0,499337007;0,183237407;0,530521514;0,597438459;0,358416641;0,287758223;0,353264553;0,363493316;0,27779512;0,412568626;0,264723613;0,185251385;0,213627663;0,265294456;0,301674319;0,244988357;0,173653518;0,305993925;0,328158318;0,193369609;0,229143311;0,222388885;0,237555687;0,228535125;0,242329903;0,358471433;0,302062156;0,208721839;0,242106049;0,569468744;0,16586496;0,243229398;0,427178261;0,441137326;0,471794124
60;0,036594669;0,002888665;0,149506083;0,298551284;0,162103004;0,040489523;0,00643824;0,014285964;0,036126131;0,062586874;0,271618928;0,27571078;0,985731884;0,208511667;0,8765008;0,909997978;0,018054618;0,046525431;0,10846722;0,469439057;0,072879723;0,063750468;0,007562135;0,041501599;0,626284255;0,018903193;0,049583194;0,037739044;0,008052568;0,02142677;0,174701386;0,225013008;0,043479438;0,03565315;0,147067016;0,266267142;0,019665744;0,03965208;0,075418179;0,049041427;0,011720249;0,113809717;0,808851186;0,078547625;0,099568628;0,088477527;0,307228908;0,119905729;0,161590476;0,01393073;0,123539915;0,234153015;0,063496107;0,032232428;0,045090687;0,037546533;0,048683771;0,056056684;0,355086086;0,021412483;0,0300258;0,03506318;0,953840694;0,124148071;0,092412094;0,028134472;0,011670673;0,039834626;0,049973283;0,062674252;0,051982128;0,109354422;0,196883469;0,01581619;0,330247645;0,134931571;0,144453126;0,133861442
61;0,111524364;0,006196765;0,749190338;0,534256566;0,61040108;0,183738535;0,042226902;0,122764961;0,272296358;0,283877695;0,605387728;0,533848559;0,067729775;0,064050789;0,350798267;0,223953322;0,170371936;0,405801161;0,232008493;0,26908409;0,197058166;0,364334134;0,07907563;0,106452588;0,415945467;0,178227534;0,311601532;0,240328522;0,316321735;0,206897766;0,404893193;0,630990312;0,366995953;0,172660001;0,115192791;0,443274022;0,148569556;0,312537006;0,257914042;0,227809589;0,175707262;0,500953091;0,3304237;0,496352484;0,312989669;0,624630868;0,683884637;0,447249422;0,375462253;0,347637424;0,34171334;0,321560727;0,363332883;0,277178116;0,138867865;0,149326434;0,396910242;0,362017889;0,306137867;0,356083875;0,250828772;0,255445548;0,194176491;0,277479313;0,283518561;0,145486181;0,20225303;0,315289795;0,367683243;0,438119513;0,287301871;0,316881727;0,676001589;0,158745138;0,268147226;0,554812867;0,596943277;0,567593205
62;0,063075749;0,001605207;0,647648483;0,847587007;0,406020231;0,163894217;0,01716314;0,053115261;0,162136245;0,14402885;0,721533303;0,230731832;0,043982955;0,036143889;0,296988626;0,138485951;0,085012613;0,247400107;0,105016169;0,582723103;0,227909157;0,192156817;0,089114803;0,016801634;0,48415758;0,102307713;0,744708798;0,238882347;0,247308157;0,119706503;0,541724779;0,483756215;0,250523981;0,126263615;0,022431039;0,637662514;0,075974518;0,257432001;0,173416879;0,119860478;0,121866325;0,601068752;0,361139562;0,232797824;0,577701792;0,40102338;0,54696313;0,212943221;0,383807183;0,115817675;0,497505345;0,719423736;0,266711616;0,248320697;0,072064463;0,263837817;0,338690374;0,350586259;0,182030392;0,344279976;0,180712669;0,099634052;0,164166401;0,181539731;0,19649026;0,180736814;0,034680091;0,20381826;0,228014254;0,214782306;0,166354152;0,135254624;0,547380086;0,107689642;0,112334848;0,415252925;0,312837772;0,785047753
63;0,115381835;0,001722564;0,319901601;0,50975159;0,241114415;0,200658873;0,017558302;0,053000973;0,063347038;0,062639394;0,441756877;0,131702349;0,091491896;0,041786884;0,292818783;0,11283607;0,131241973;0,078346738;0,015452693;0,904115002;0,229442546;0,066791038;0,02847992;0,02482867;0,388982528;0,082755534;0,750118195;0,134145441;0,022818962;0,130697595;0,388800853;0,237884199;0,100891154;0,0485581;0,017995269;0,536911466;0,111729087;0,190783604;0,213925868;0,048138325;0,027634991;0,520115349;0,373192779;0,086661529;0,417574573;0,153441604;0,314903646;0,076160846;0,313439288;0,03699955;0,504638387;0,504043905;0,144868748;0,055170349;0,008027717;0,115749851;0,176059121;0,104308667;0,069963714;0,09405277;0,078212023;0,022293248;0,204927749;0,094281429;0,070802523;0,468059292;0,01110316;0,19553276;0,052938689;0,075604225;0,139475391;0,042822885;0,303501769;0,013265596;0,037476484;0,218774807;0,148051895;0,408134764
64;0,022053802;0,001586568;0,243220531;0,226357035;0,289606507;0,031999223;0,004755219;0,016057674;0,147936705;0,057567268;0,239954008;0,546969338;0,771502003;0,255082885;0,750589398;0,645778572;0,022751413;0,163447155;0,059660492;0,403101039;0,04998694;0,171794393;0,051230743;0,179156934;0,465391936;0,025217121;0,072669527;0,061544608;0,027599148;0,014122702;0,146248233;0,268010499;0,172679947;0,032525567;0,618521301;0,19287357;0,041880732;0,07554273;0,080041942;0,103410586;0,01717334;0,122037937;0,57221551;0,281644022;0,082194266;0,163243534;0,414829922;0,414359477;0,145659165;0,051750332;0,17330614;0,162493941;0,130243727;0,045729665;0,005547013;0,020194119;0,059757439;0,06114344;0,122814677;0,033422667;0,130343015;0,110127454;0,713555181;0,420122467;0,165638364;0,036005967;0,043262543;0,05261074;0,154935609;0,068193152;0,065563301;0,38728606;0,230450438;0,048807873;0,142162624;0,188763277;0,383656919;0,138986423
65;0,127612471;0,00966662;0,792141109;0,514761907;0,701885577;0,273169266;0,092434168;0,258837682;0,350041474;0,301184069;0,615506357;0,598818999;0,049884571;0,118201243;0,348560734;0,176110484;0,326934962;0,394923792;0,120439048;0,229883605;0,202552092;0,351874693;0,173340593;0,200054642;0,380339398;0,34935432;0,342058246;0,25894948;0,373194326;0,364678598;0,40459249;0,669771248;0,396002553;0,1830332;0,169225698;0,394817359;0,328896401;0,45672926;0,468985638;0,156604611;0,263822105;0,478638229;0,263452572;0,503493016;0,234288501;0,569791193;0,735567589;0,481087071;0,422303035;0,205507049;0,451497538;0,267703937;0,432262969;0,31751227;0,068713676;0,188822937;0,291628586;0,387936128;0,213451993;0,257167616;0,22696789;0,165846572;0,151591314;0,43559463;0,361119109;0,144678623;0,071215491;0,41024931;0,444881257;0,300461131;0,322551261;0,383764204;0,662342257;0,255546965;0,16285855;0,614788381;0,545574717;0,60888802
66;0,504557627;0,004132913;0,63965593;0,483013091;0,563278414;0,501807173;0,023189036;0,068318119;0,225018622;0,201971408;0,535813717;0,467169168;0,049914954;0,063753159;0,336038209;0,105741419;0,155624731;0,356853362;0,138853774;0,426218778;0,451782389;0,238576787;0,194557991;0,133998622;0,3921102;0,114456338;0,463018041;0,342819629;0,278401181;0,151671198;0,403979623;0,619658627;0,3928542;0,158016422;0,111843275;0,468372966;0,18268054;0,243822977;0,359286214;0,214467932;0,220942237;0,421317172;0,27119787;0,437135913;0,272664167;0,505005052;0,566862097;0,408143864;0,327837926;0,265111668;0,527388966;0,313481008;0,424295031;0,292087585;0,140299723;0,110521221;0,336908902;0,354907716;0,135521441;0,211240902;0,252487743;0,174753918;0,123949521;0,326474624;0,306560832;0,189700095;0,096725044;0,259773424;0,33116394;0,317842446;0,506760256;0,237625049;0,583168151;0,193193977;0,154488014;0,454105456;0,490043248;0,565833415
67;0,061762431;0,010771717;0,415305636;0,155561244;0,286598605;0,083140293;0,020599104;0,047688725;0,134401958;0,09010005;0,176988972;0,199263055;0,029268891;0,0315186;0,121584201;0,103107163;0,060040411;0,127201711;0,966410609;0,077033714;0,08451147;0,160920324;0,064547778;0,059428647;0,141047147;0,071830817;0,088949091;0,077293854;0,093483491;0,066219692;0,138942346;0,307456825;0,116288779;0,066681601;0,049299363;0,122431859;0,069151908;0,098321996;0,105782792;0,098410821;0,079709795;0,203476653;0,140231538;0,156222076;0,049696491;0,573019722;0,402672243;0,366551344;0,107749038;0,068867081;0,12791795;0,073554229;0,151780596;0,10254383;0,045206831;0,021220128;0,099698751;0,133613509;0,150734748;0,053529808;0,061241641;0,067059909;0,089050155;0,155024138;0,149401865;0,049565953;0,022936773;0,1040656;0,155483912;0,544844952;0,121389309;0,126544152;0,413059251;0,083637127;0,121492298;0,327313668;0,320251929;0,23370458
68;0,197458475;0,007759733;0,726135446;0,419432455;0,718579166;0,404656988;0,083063205;0,204271044;0,520849563;0,347490093;0,525497909;0,645338496;0,077106917;0,148658242;0,382358371;0,216378309;0,350218815;0,452199011;0,31003131;0,264263149;0,373561856;0,360640798;0,204146087;0,185002171;0,362756799;0,334056616;0,380903254;0,332801351;0,226961836;0,403256611;0,406102624;0,600447096;0,432070643;0,159164829;0,332507737;0,345873529;0,343977928;0,320801775;0,461699797;0,20131941;0,221670352;0,377557395;0,289247592;0,532524988;0,216486226;0,542307532;0,763820112;0,652872417;0,570890595;0,166492526;0,566450284;0,256903383;0,459360327;0,263634735;0,075594581;0,104456187;0,244488551;0,332362249;0,268838399;0,213740245;0,232795416;0,168108078;0,189008675;0,511082563;0,329648646;0,123105414;0,083028343;0,51522663;0,49731835;0,321728858;0,315920562;0,482371078;0,595434392;0,26993729;0,219249704;0,626579264;0,671029498;0,600117861
69;0,022411238;0,001571414;0,276659221;0,344146827;0,317963007;0,024954554;0,004915035;0,017568067;0,212856461;0,148539838;0,384979225;0,384184351;0,873823588;0,156657029;0,865664213;0,808874666;0,013851889;0,269895265;0,094840124;0,533281416;0,056783043;0,220460817;0,042867359;0,036649054;0,597783763;0,015761799;0,140679309;0,124350334;0,030934677;0,008570339;0,207310619;0,312103311;0,233437666;0,041202527;0,066025232;0,294151599;0,015740504;0,09069981;0,088390257;0,141954097;0,067623462;0,168402189;0,74672147;0,304644035;0,125487736;0,161238929;0,412805463;0,231593341;0,175883733;0,051485934;0,223594681;0,252571264;0,224861646;0,079817073;0,033975594;0,040591683;0,141985267;0,12481737;0,297707577;0,033504471;0,12607227;0,038171926;0,854291302;0,351042082;0,173956452;0,041587415;0,010464816;0,049860898;0,284701801;0,07137765;0,064755136;0,323656867;0,285298639;0,053631355;0,274334364;0,268441925;0,213789988;0,232966839
70;0,0133915;0,113317682;0,169483339;0,303614857;0,19542931;0,060038668;0,064745351;0,080544758;0,035273727;0,073607129;0,270471962;0,243267371;0,967206405;0,247509436;0,852710211;0,805716029;0,116254101;0,047187368;0,081831302;0,521418956;0,085727115;0,068806258;0,010472824;0,067419285;0,594316488;0,087216394;0,102833727;0,032218874;0,007656216;0,067501395;0,185479317;0,243490794;0,041420293;0,042112158;0,037604218;0,265504216;0,064854484;0,062331601;0,139869278;0,057340619;0,015637862;0,150189237;0,75341435;0,062751887;0,124783292;0,091048398;0,317910049;0,082422732;0,225642929;0,019754775;0,172563603;0,240909947;0,060022751;0,096222497;0,01202956;0,035271347;0,116314896;0,07502378;0,187976789;0,033563529;0,040817436;0,039639785;0,868895375;0,087948562;0,251278796;0,073129515;0,007962106;0,110602233;0,077251701;0,069030403;0,045280869;0,05863947;0,206281469;0,013033787;0,202776945;0,16572049;0,120783735;0,145994735
71;0,146644199;0,003220103;0,745574406;0,460240478;0,694673793;0,251448746;0,033522911;0,105626103;0,330184525;0,416447518;0,57781339;0,561003934;0,047992751;0,061928513;0,336535465;0,138108046;0,162594319;0,629739824;0,107410097;0,337328456;0,255935918;0,387376537;0,262043112;0,083792611;0,337665329;0,152151137;0,372967274;0,533955625;0,339021298;0,201467693;0,444628121;0,665240124;0,629734312;0,177578065;0,107490987;0,409837393;0,157721312;0,316537513;0,25731666;0,240572996;0,213788414;0,447350222;0,259464455;0,648044949;0,197650845;0,544441799;0,654580358;0,453192847;0,412027832;0,300820741;0,473763126;0,236188662;0,623883861;0,328349623;0,056503691;0,103705778;0,287293678;0,420769564;0,154775681;0,211122626;0,335046139;0,214292953;0,135791902;0,423568352;0,325776258;0,223936401;0,119245868;0,285404553;0,563345373;0,308682088;0,300855404;0,457275624;0,597140925;0,273222784;0,121683174;0,58464955;0,517552485;0,550308441
72;0,03037115;0,001259861;0,310071499;0,131740506;0,306668466;0,094423035;0,012716646;0,03147273;0,275358768;0,120591631;0,191393922;0,603214109;0,071565202;0,2062009;0,248626487;0,135660966;0,080591585;0,16343096;0,055348276;0,102606679;0,112237974;0,160105688;0,055314192;0,30870988;0,149923793;0,081948693;0,118991402;0,108096457;0,073282009;0,085944342;0,148816894;0,231030017;0,179418419;0,041777372;0,942940571;0,12355496;0,083153079;0,104573082;0,121039326;0,07985261;0,060599234;0,129603303;0,121556627;0,345822112;0,077149162;0,238827133;0,433272921;0,617742154;0,161504158;0,083483427;0,213098541;0,080586131;0,132241575;0,102820283;0,036602624;0,029469954;0,092832865;0,117412462;0,123633478;0,078447965;0,066086667;0,163729324;0,145148635;0,59247321;0,187864079;0,080100205;0,083131154;0,175333149;0,230820847;0,112408658;0,09234369;0,495820094;0,222666331;0,108593901;0,097826241;0,183864316;0,544280414;0,197070353
73;0,123192817;0,00503433;0,763565088;0,511106365;0,618869366;0,195079236;0,030266419;0,091390694;0,21439901;0,23024764;0,557559248;0,478306613;0,037865437;0,059326961;0,264544524;0,145241305;0,129320363;0,441394138;0,237426824;0,169864947;0,151449889;0,36050498;0,222268549;0,116724443;0,351427953;0,120844322;0,267469476;0,306868121;0,41753437;0,13938035;0,418583869;0,682509639;0,427678648;0,262800361;0,091196347;0,392600845;0,17043296;0,277128009;0,263727733;0,22962583;0,183990507;0,444772284;0,247669118;0,504877029;0,151340988;0,670178959;0,648148992;0,425839606;0,350811529;0,26527605;0,339094174;0,238800987;0,467916527;0,275280402;0,121837878;0,197828546;0,287750788;0,352595194;0,193574125;0,199995222;0,260246798;0,188788337;0,117452653;0,239569903;0,327570688;0,142386763;0,064942761;0,243879461;0,330679609;0,443805996;0,350023589;0,260357236;0,654069088;0,260785443;0,17604733;0,549715741;0,54864828;0,552087438
74;0,189379752;0,008295702;0,739823274;0,483893541;0,60460967;0,245755918;0,029809698;0,07914878;0,329603781;0,242122949;0,571805929;0,605151981;0,128536738;0,13150469;0,380847785;0,196097655;0,107937344;0,412929664;0,200247351;0,257243567;0,26664023;0,272166268;0,232630826;0,115017071;0,410974835;0,114579553;0,246300406;0,276901905;0,329133343;0,141964275;0,507784133;0,609869323;0,418566911;0,216901114;0,299028623;0,46567785;0,108397159;0,258456137;0,199543528;0,232378172;0,263692288;0,414332447;0,29218856;0,527447419;0,225846333;0,640866579;0,702170423;0,561500105;0,346655232;0,316370083;0,369060455;0,230984885;0,452458706;0,350645276;0,124257694;0,118776667;0,331472473;0,426268972;0,159790224;0,278865369;0,336720053;0,257791638;0,181097558;0,392071135;0,295126126;0,208066721;0,146714513;0,241556824;0,438903579;0,374741806;0,29650228;0,351494725;0,636176925;0,272846589;0,15827277;0,455947959;0,549089085;0,539353679
75;0,070076165;0,003298791;0,731134122;0,718202927;0,556043585;0,13988094;0,026242335;0,084800055;0,203388962;0,253967086;0,688276181;0,394217808;0,038543887;0,046313385;0,277054623;0,140118175;0,111369187;0,392855403;0,091195679;0,246216778;0,153188883;0,256829292;0,138404029;0,058077617;0,55396072;0,111764736;0,30564957;0,3192864;0,291087395;0,106477604;0,607688357;0,564834318;0,3923168;0,247951088;0,080064837;0,643123832;0,139999902;0,257914255;0,283631555;0,208624987;0,194432018;0,40975839;0,37530343;0,417376784;0,407697232;0,512657237;0,674141044;0,327113379;0,345900206;0,203510764;0,336044006;0,455689021;0,397320698;0,356046494;0,076408537;0,262991489;0,378094304;0,470908151;0,202762284;0,443290094;0,277909194;0,133197102;0,11197271;0,261308553;0,308893566;0,262246743;0,071572435;0,198222598;0,347927681;0,282510095;0,237530429;0,203794013;0,639923898;0,209458183;0,143528222;0,511978953;0,438919567;0,678096684
76;0,898908128;0,005937668;0,310045266;0,185985838;0,423901128;0,718905853;0,021228132;0,059922754;0,137972429;0,113687628;0,211461598;0,264836387;0,022390116;0,06529276;0,206340776;0,046681855;0,065478717;0,254803449;0,082911656;0,146540257;0,47820765;0,196130519;0,136429584;0,059622449;0,215970945;0,079915984;0,239371566;0,174276341;0,117840816;0,093063679;0,192967458;0,418649098;0,286853941;0,109167659;0,040754748;0,252527219;0,167607232;0,143547872;0,269367751;0,163731135;0,134204942;0,130002459;0,108102463;0,29559547;0,101620467;0,281427654;0,274213958;0,268985083;0,127064209;0,098828175;0,381606208;0,116555834;0,275092653;0,14615774;0,019786532;0,06197382;0,133191005;0,240404279;0,055058695;0,124713126;0,226496065;0,079275108;0,050481638;0,236783629;0,245191716;0,053994636;0,042778457;0,1314835;0,193308185;0,209615202;0,797557866;0,203713589;0,316068155;0,095699782;0,038824584;0,355687816;0,341622603;0,409488854
77;0,171148731;0,012890103;0,241248778;0,129331486;0,28372501;0,185336006;0,036844792;0,051859144;0,110033084;0,061595996;0,140861572;0,534358005;0,090108662;0,359120714;0,24532948;0,137012232;0,067579657;0,111286145;0,027889447;0,100152801;0,175926932;0,122180784;0,054068685;0,272545119;0,172205645;0,063593954;0,101051483;0,064755371;0,047264552;0,06532772;0,144689491;0,215472889;0,135325894;0,037736588;0,930934447;0,143634154;0,095042976;0,089051632;0,133644102;0,074943312;0,048713682;0,103283624;0,137716285;0,274732726;0,079174294;0,18587599;0,364068627;0,541921289;0,129518504;0,056889988;0,18256791;0,090215898;0,113099373;0,072752596;0,026941024;0,031376266;0,079845003;0,096273111;0,111286803;0,081602468;0,066541417;0,15411008;0,154068604;0,514708252;0,152037231;0,051327767;0,063482057;0,131675646;0,123244432;0,084448414;0,173912974;0,42098878;0,190019996;0,060849291;0,088802801;0,145188989;0,471274843;0,179921999
